case_id,project_name,model,city,size,space_type,business_tags,migration_tags,completeness,video_no,status,duplicate_group,line_no,target_problem,customer_type,operation_goal,asset_condition,scale_level,investment_level,migration_difficulty,verification_priority
案例A1,呼和浩特万象城,一、区域型购物中心/综合体,呼和浩特（内蒙古）,24万方,盒子mall,餐饮; 运动,全国性首展引入; 原创内容IP化; 会员深度运营; 服务精细化; 文旅联动; 品类差异化运营,高,No.5,待核验,DG06,29,,,,,,,,
案例A2,湾里·王府井WellTown,一、区域型购物中心/综合体,北京,未提及,未分类,餐饮; 零售; 文化,非标奥莱定位; 一半面积给餐饮+手店; 屋顶生态花园; 艺术中心+市集+主理人品牌,高,No.11,待核验,,81,,,,,,,,
案例A3,长宁Artpark大融城,一、区域型购物中心/综合体,上海,可租面积不到3万方（大半面积在地下）,地下,餐饮; 零售; 亲子; 运动,错位竞争定位; 商务场景配齐; 招商克制不填铺; 错位营业时间; 牺牲面积换空间; 引入主理人替代连锁,高,No.47,待核验,,131,,,,,,,,
案例A4,杭州万象城-香氛节,一、区域型购物中心/综合体,杭州,未提及,盒子mall,,单品类深度运营; 品牌联合共创小屋; 策展思路做选品; 3个月持续迭代街区叙事; 公共空间内容化,中,No.85,待核验,DG11,183,,,,,,,,
案例A5,杭州大厦,一、区域型购物中心/综合体,杭州,未提及（含A、B、C座）,未分类,餐饮; 运动,顶奢延伸到居家生活; 顶奢+年轻化双轨并行; 中庭空间事件化; 在地文化+科技搬进商场,高,No.140,待核验,,234,,,,,,,,
案例A6,北京朝阳合生汇,一、区域型购物中心/综合体,北京,未提及,街区,餐饮; 运动,百货式调改; 品牌快速更迭; 一日店长活动; 服务精细化100件小事; 银发社群运营,高,No.208,待核验,,284,,,,,,,,
案例A7,重庆方圆LIVE,一、区域型购物中心/综合体,重庆,5万平米（地下旧改商业）,地下,零售; 文化,高强度内容输出; 自建小程序整合功能; 头部平台独家合作; 自有IP原创内容; 不教育年轻人,高,No.222,待核验,,335,,,,,,,,
案例A8,苏州万象天地,一、区域型购物中心/综合体,苏州,未提及,未分类,餐饮; 零售; 文化,灯台策展思维空间; 与品牌共创城市限定; 街区+室内中庭+下沉广场组合; 传统文化的潮流化表达,高,No.236,待核验,,386,,,,,,,,
案例A9,静安大悦城,一、区域型购物中心/综合体,上海,去年调改2万平米,盒子mall,零售,兴趣社交平台定位; IP快闪接力高频运营; 先快闪测反馈再落大店; 边角料空间内容化; 夜市天台按年唤醒,高,No.255,待核验,,436,,,,,,,,
案例A10,南京德基广场,一、区域型购物中心/综合体,南京,未提及,未分类,餐饮; 文化,艺术做成内容IP; 主题洗手间空间化; 24小时营业+夜间博物馆; 艺术商业事迹场景更新,高,No.438,待核验,,487,,,,,,,,
案例A11,长沙万象城,一、区域型购物中心/综合体,长沙,未提及,盒子mall,餐饮; 零售,城市味觉IP化; 400米外广场做独立IP街; 本地主理人品牌首批入驻; 观众共创艺术内容,高,No.18,待核验,DG18,539,,,,,,,,
案例A12,绍兴苏宁广场,一、区域型购物中心/综合体,绍兴,26万方,未分类,餐饮; 酒店,大体量+中央广场+屋顶菜园组合; 屋顶四季景观; 在地文化融入细节; 公共座椅细节服务,高,No.29,待核验,,589,,,,,,,,
案例A13,成都印象城,一、区域型购物中心/综合体,成都,未提及,未分类,餐饮; 运动,熟人生意定位; 严格筛选被验证品牌; 200米社交动线日咖夜酒; 集中调改大换血,高,No.55,待核验,,639,,,,,,,,
案例A14,南昌大悦城,一、区域型购物中心/综合体,南昌,未提及,盒子mall,餐饮; 娱乐; 运动,城市味觉IP化续集运营; 多圈层活动并行; 空间场景解决社交痛点; 持续调改品牌,高,No.100,待核验,DG04,689,,,,,,,,
案例A15,苏河湾万象天地,一、区域型购物中心/综合体,上海,未提及,滨水,餐饮; 文化; 运动,历史建筑做城市事件发生地; 高端品牌限定主题宴请; 细分客群社群对应租户; 单商场升级为生活圈,高,No.159,待核验,,739,,,,,,,,
案例A16,成都杉杉奥莱,一、区域型购物中心/综合体,成都,未提及,未分类,餐饮; 运动,牺牲可租赁空间保体感; 全灵友好细节; 自营集合店货品权; 城市社交场定位,高,No.211,待核验,,789,,,,,,,,
案例A17,上海青浦百联奥莱,一、区域型购物中心/综合体,上海,目前约10万平，二期新增约10万平米后接近20万平米,未分类,餐饮; 零售; 运动,运动旗舰整体换新; 二期扩容用人行桥车行桥打通; 客服中心升级; 跨年音乐会+烟花秀,高,No.244,待核验,,839,,,,,,,,
案例A18,北京世纪金源,一、区域型购物中心/综合体,北京,超60万方,历史文化,餐饮; 文化,聚合策略做超级品类中心; 文化顶流IP原创线下首展; 联合在地文化机构做主题展; 养成系改造; 万种生活博物馆定位,高,No.267,待核验,,889,,,,,,,,
案例A19,西安万象城-生命之树,一、区域型购物中心/综合体,西安,未提及,盒子mall; 街区,餐饮; 零售,建筑地标+内容运营双轮驱动; 国际艺术家+流量IP组合; 携手场内品牌共创皮肤; 像编辑杂志一样经营内容,高,No.283,待核验,DG15,940,,,,,,,,
案例A20,成都万象城,一、区域型购物中心/综合体,成都,未提及（含四大馆+广场城外广场）,盒子mall,餐饮; 零售; 亲子; 文化; 运动,广场品牌化运营; 慢区与快区有机共生; 与品牌联合编剧; 统一视觉体系+场景化点位,高,No.329,待核验,DG09,990,,,,,,,,
案例A21,成都万象城,一、区域型购物中心/综合体,成都,未提及,盒子mall,,资产化运营思维; 商管团队保留机制; 业绩稳定增长路径,中,No.9,待核验,DG09,1041,,,,,,,,
案例A22,西安万象城,一、区域型购物中心/综合体,西安,未提及,盒子mall,,社群权益化; 先体验后发布; 身份分层设计,中,No.20,待核验,DG15,1089,,,,,,,,
案例A23,南湖天地,一、区域型购物中心/综合体,嘉兴,两期合计约30万方，近500个品牌，3000多个车位,滨水,餐饮; 零售; 娱乐; 运动,城市IP优先于企业品牌; 景区+商业+休闲打通; 一轴两街三巷四院格局; 首店矩阵构建,高,No.23,待核验,,1137,,,,,,,,
案例A24,宁波环球银泰百货,一、区域型购物中心/综合体,宁波,未提及,未分类,,抽象活动引流; 明星+IP圈层常态化; 城市差异化定位,中,No.24,待核验,,1186,,,,,,,,
案例A25,老城根G park,一、区域型购物中心/综合体,西安,未提及,街区,餐饮; 零售; 文化,艺术基金+毕业展护城河; 用做内容的思维做商业; 街区尺度审美延续,高,No.28,待核验,,1234,,,,,,,,
案例A26,成都万象城,一、区域型购物中心/综合体,成都,未提及,盒子mall,餐饮,城市旗舰商业定位; 中心广场快慢分区; 文化符号入驻,高,No.39,待核验,DG09,1282,,,,,,,,
案例A27,武汉荟聚,一、区域型购物中心/综合体,武汉,未提及,公园,餐饮; 零售; 体验; 娱乐; 亲子,体验业态高占比; 反常规业态引入; 陪伴型服务周期; 精细化租户服务,高,No.60,待核验,,1330,,,,,,,,
案例A28,万象滨海购物村（MIXC Village）,一、区域型购物中心/综合体,东莞,200多个品牌,未分类,餐饮; 零售,城市底盘先行; 空降级审美场景; 奥莱+度假感叠加,高,No.62,待核验,,1379,,,,,,,,
案例A29,上海ifc国金中心,一、区域型购物中心/综合体,上海,未提及,未分类,,核心限时位给文化稀缺品牌; 看展+购买连接; 工艺提取做空间设计,中,No.66,待核验,,1427,,,,,,,,
案例A30,南宁万象城,一、区域型购物中心/综合体,南宁,未提及（2027年将释放2万方百盛位重新规划）,盒子mall,餐饮; 零售,唯一性占住不可替代性; 品牌孵化器2.0; 游客增量转化; 大台阶天然秀场,高,No.81,待核验,,1475,,,,,,,,
案例A31,成都SKP,一、区域型购物中心/综合体,成都,未提及（慕思睡眠博物馆占地1700多平）,未分类,零售; 体验,重奢场内大体验店型; 六根感官调动; 反古法+科技沉浸式,高,No.125,待核验,,1524,,,,,,,,
案例A32,Eataly中国首店（海外）,一、区域型购物中心/综合体,上海（将入驻）,未提及（拉斯维加斯店3000平单层，近四成面积给餐厅）,未分类,餐饮; 零售; 生鲜,Eat Shop Learn定位; 故事卡替代价签; 空间边界模糊,高,No.150,待核验,,1572,,,,,,,,
案例A33,深圳万象天地,一、区域型购物中心/综合体,深圳,未提及,未分类,餐饮; 零售,大小盒子串街区建筑形态; 慢闪空间共创; 情绪公共化,高,No.153,待核验,DG13,1620,,,,,,,,
案例A34,西安MOMOPARK,一、区域型购物中心/综合体,西安,未提及,未分类,餐饮; 零售; 文化,硬件偏执翻新; 直播间为品牌兜底; 自建美术馆+艺术院校合作,高,No.155,待核验,,1668,,,,,,,,
案例A35,上海新天地,一、区域型购物中心/综合体,上海,未提及（旧校园为近百年历史建筑）,历史文化,餐饮; 文化,旧校园改造文化现场; 全球IP本地化场景; 完整文化现场搭建,高,No.160,待核验,DG01,1716,,,,,,,,
案例A36,东京玉川高岛屋（海外）,一、区域型购物中心/综合体,东京,1969年开业时5.5万方，如今18.5万方,未分类,餐饮; 生鲜,修旧则旧该新则新; 立体公园外立面; 主题区专用扶梯; 推让外墙模糊边界,高,No.181,待核验,,1764,,,,,,,,
案例A37,深圳大运天地,一、区域型购物中心/综合体,深圳,未提及,未分类,亲子; 运动,0.5版本降门槛; 情绪具象化; 社群共创生态; 片区生活圈小程序,高,No.197,待核验,DG14,1813,,,,,,,,
案例A38,万象商业北京区域（百分百万象季）,一、区域型购物中心/综合体,北京,10座在营项目联动,未分类,餐饮; 零售; 娱乐,多项目联动造节; 三重体验结合; 寻宝卡片跨平台导入; 沉浸式冬日场景,高,No.202,待核验,,1862,,,,,,,,
案例A39,东京中城（海外）,一、区域型购物中心/综合体,东京,综合体占地10万平米，近一半面积做绿地和公共空间,地下; 公园,餐饮; 零售; 文化,浪费空间造气质; 日式温润克制装修; 柱子镶嵌小橱窗; 公共座椅全方位设置,高,No.221,待核验,,1911,,,,,,,,
案例A40,成都MUJI太古里旗舰店,一、区域型购物中心/综合体,成都,未提及,未分类,餐饮; 零售,尊重抽象气氛非符号; 转意不堆砌显性标志; 融入后退做生活服务者,高,No.224,待核验,,1960,,,,,,,,
案例A41,东京三越本店（海外）,一、区域型购物中心/综合体,东京,未提及,未分类,零售,修旧则旧该新则新; 历史作为安全感而非包袱; 老钱味内容坚守,高,No.227,待核验,,2008,,,,,,,,
案例A42,上海美罗城,一、区域型购物中心/综合体,上海,6.7万方，200多家店,街区; 地下,,持续新陈代谢; 头部IP确定性生意; 剧场+影院+球幕城市舞台,高,No.228,待核验,,2056,,,,,,,,
案例A43,长春万达茂,一、区域型购物中心/综合体,长春,未提及（含5000平热带雨林、亚洲最大室内滑雪场、六万方体育公园等）,盒子mall; 公园,体验; 娱乐; 运动,大胆舍弃面积换场景; 全领娱乐体验打包; 一城一色在地化,高,No.230,待核验,,2104,,,,,,,,
案例A44,东京高轮NEWoMan（海外）,一、区域型购物中心/综合体,东京,未提及（含28楼空中植物园）,未分类,餐饮; 零售; 文化,空中植物园; 精致粗糙感审美; 主动造接缝; 厨具+厨房课堂开放厨房,高,No.233,待核验,,2156,,,,,,,,
案例A45,北京超极合生汇,一、区域型购物中心/综合体,北京,46万方,未分类,餐饮; 亲子; 酒店,大体量非标业态自循环; 高频免费内容轰炸; 外地游客专属福利; 商场+景区化升级,高,No.237,待核验,DG03,2205,,,,,,,,
案例A46,中山海雅缤纷天地,一、区域型购物中心/综合体,中山,中山最大商业体，一期场内1400平米公共运动空间，2026年中落成超2万平米超会玩运动中心,屋顶,零售; 亲子; 运动,奥莱撬动远端客人; 高化首店稳住近郊; 运动进商圈做大,高,No.239,待核验,,2254,,,,,,,,
案例A47,三亚大悦城,一、区域型购物中心/综合体,三亚,未提及,盒子mall; 街区; 屋顶,餐饮; 娱乐,无国界沟通标配; 全球品牌+退税服务; 屋顶街区夜经济,高,No.247,待核验,,2302,,,,,,,,
案例A48,北京海淀大悦城,一、区域型购物中心/综合体,北京,未提及,盒子mall,文化,月山海设定把山野搬进盒子; 品牌社群化; 高频内容创造共同记忆,高,No.254,待核验,,2350,,,,,,,,
案例A49,成都后花园爱琴海,一、区域型购物中心/综合体,成都,未提及,未分类,餐饮,务实听劝调改; 老场细节翻新; 外广场改花园里区; 周年庆情感链接,高,No.258,待核验,,2398,,,,,,,,
案例A50,深圳万象天地（百分百万象季）,一、区域型购物中心/综合体,深圳（全国130多个项目联动）,未提及,未分类,零售,全国联动造梦; 品牌内容共建; 多系统积分打通; B站Vlog传播放大,高,No.260,待核验,DG13,2447,,,,,,,,
案例A51,杭州中心,一、区域型购物中心/综合体,杭州,未提及,未分类,餐饮; 零售,主理人策展空间; 事件日常化运营; 调改节奏,高,No.261,待核验,,2496,,,,,,,,
案例A52,武汉光谷K11,一、区域型购物中心/综合体,武汉,未提及,历史文化,餐饮; 娱乐; 文化; 酒店,自有青年文化IP; 电竞酒店+电竞馆打通; 业态互补组合,高,No.263,待核验,,2544,,,,,,,,
案例A53,天津大悦城,一、区域型购物中心/综合体,天津,未提及,盒子mall; 街区,餐饮; 零售; 运动,城市性格双面匹配; 细粉人群专属街; 空间产品化; 内容孵化品牌,高,No.266,待核验,,2592,,,,,,,,
案例A54,上海虹桥前湾印象城MEGA,一、区域型购物中心/综合体,上海,26万平米商场+11万平米写字楼，约40万平米综合体,未分类,餐饮; 零售; 娱乐; 亲子; 运动,山水意象场景化; 国际化社区配套; 社群专属空间; 高首店比例,高,No.272,待核验,,2641,,,,,,,,
案例A55,武汉国金天地,一、区域型购物中心/综合体,武汉,未提及,街区,餐饮; 零售; 办公; 酒店,精准情绪投喂食集; 招商前征询客群; 食集定位客群,高,No.273,待核验,,2690,,,,,,,,
案例A56,深圳湾万象城二期,一、区域型购物中心/综合体,深圳,未提及,盒子mall; 街区,餐饮; 零售,空中纽带串联; 科技品牌剧情空间; 多巴胺小盒子街区,高,No.274,待核验,,2738,,,,,,,,
案例A57,上海新天地东台里,一、区域型购物中心/综合体,上海,未提及（含6500平全景天幕）,未分类,餐饮; 零售; 娱乐; 文化; 运动,全景天幕基础设施; 独家定制旗舰店; 时段补全; 公共艺术展,高,No.275,待核验,,2786,,,,,,,,
案例A58,上海前滩太古里,一、区域型购物中心/综合体,上海,未提及,滨水,餐饮; 零售; 体验; 娱乐; 文化,半开放式街区+空中街; 城市记忆制造机; 一整天生活线品牌编排; 品牌展示窗口,高,No.276,待核验,,2835,,,,,,,,
案例A59,南京玄武花园城,一、区域型购物中心/综合体,南京,未提及,未分类,,屋顶天文台; 生态+科技基因; 公共性破圈,中,No.286,待核验,,2884,,,,,,,,
案例A60,杭州城北招商花园城,一、区域型购物中心/综合体,杭州,24万方,街区; 滨水,餐饮; 体验; 娱乐; 亲子; 文化,八大主题场景; 区域首店矩阵; 自有IP贯穿; 本土文化呼应,高,No.299,待核验,,2932,,,,,,,,
案例A61,上海恒基·旭辉天地,一、区域型购物中心/综合体,上海,未提及,未分类,餐饮; 零售; 文化,网红建筑长期唤醒; 时段业态补全; 城市公共小马路定位,高,No.302,待核验,,2981,,,,,,,,
案例A62,南京景枫中心,一、区域型购物中心/综合体,南京,十万方区域盒子,盒子mall,餐饮; 零售,宠物友好中心; 女性友好卫生间改造; 服务态度鲜明,高,No.305,待核验,,3029,,,,,,,,
案例A63,珠海华发商都,一、区域型购物中心/综合体,珠海,未提及,未分类,餐饮; 零售; 亲子; 文化; 运动,运动品牌细分选品; 自营书店配合定位; 高密度户外活动; 角色转型,高,No.309,待核验,,3077,,,,,,,,
案例A64,长春这有山,一、区域型购物中心/综合体,长春,4万平米,未分类,餐饮; 零售; 体验; 酒店,把山搬进商场; 文旅文创+体验定位; 城市打卡地逻辑,高,No.318,待核验,,3126,,,,,,,,
案例A65,京都BAL（海外）,一、区域型购物中心/综合体,京都（海外）,未提及（小商场）,未分类,餐饮; 零售; 文化,老壳子高级感打造; 生活杂货编辑思路; 服务细节OOTD; 边角收口整齐,高,No.319,待核验,,3174,,,,,,,,
案例A66,西安SKP,一、区域型购物中心/综合体,西安,未提及,未分类,餐饮; 零售; 体验; 运动; 生鲜,月度主题不重样; 剧场化商业空间; 高频消费调改; 会员体系壁垒,高,No.323,待核验,,3223,,,,,,,,
案例A67,合肥万象城,一、区域型购物中心/综合体,合肥,接近20万方商场,盒子mall; 街区,餐饮; 零售; 办公; 酒店,城中之城造商圈; 品牌十年迭代节奏; 主题场景+空中街区; 综合体业态联动,高,No.330,待核验,,3272,,,,,,,,
案例A68,北京国贸商城,一、区域型购物中心/综合体,北京,未提及,未分类,文化,长期主义IP活动; 招商看品牌过往与规划; 价值观链接品牌顾客; 自营起家到首店矩阵,高,No.331,待核验,,3321,,,,,,,,
案例A69,北京中关村领展广场,一、区域型购物中心/综合体,北京,5.5万方,未分类,餐饮; 零售,故事型概念店; IP情绪地标; 合街同体复合空间; 概念店博物馆化,高,No.361,待核验,,3370,,,,,,,,
案例A70,杭州湖滨银泰in77,一、区域型购物中心/综合体,杭州,未提及（大体量片区型商业）,滨水,餐饮; 零售; 文化,自有活动IP化; 分区做主题覆盖; 连廊改造; 高化相互聚集,高,No.366,待核验,,3419,,,,,,,,
案例A71,厦门大悦城,一、区域型购物中心/综合体,厦门,未提及,盒子mall,餐饮; 零售,自建商城+持续调改; 季度大节点策略; 联合品牌一起玩; 景观+空间原创流量,高,No.367,待核验,DG05,3468,,,,,,,,
案例A72,石家庄万象城,一、区域型购物中心/综合体,石家庄,未提及,盒子mall,餐饮; 零售,下城广场空间运营; 季节主题换新; 首店收割机; 戏剧生活节,高,No.372,待核验,,3517,,,,,,,,
案例A73,南京新街口IFCX,一、区域型购物中心/综合体,南京,商业2万多方,未分类,餐饮; 零售; 娱乐; 办公,商圈内差异化定位; 地下交通发力; 商业+办公互相赋能; 暖心运营,高,No.385,待核验,,3566,,,,,,,,
案例A74,曼谷CENTRAL PARK（海外）,一、区域型购物中心/综合体,曼谷（海外）,未提及（含酒店、公寓、办公三个塔楼+底座商场）,公园,餐饮; 零售,立体空中公园; 三角用地塔楼围绕; 餐饮做大做强; 中庭造层次感; 地铁直达,高,No.392,待核验,,3615,,,,,,,,
案例A75,深圳海雅缤纷城,一、区域型购物中心/综合体,深圳,未提及,未分类,餐饮; 零售,比市场快半步调改; 品牌数量密度; 大管家式服务; 商圈思维; 港客离境退税,高,No.398,待核验,,3665,,,,,,,,
案例A76,上海静安大悦城,一、区域型购物中心/综合体,上海,未提及,盒子mall,,二次元业态聚集; IP捕手策略; 次元VIP卡; 政企联动消费券; 持续运营造口碑,中,No.404,待核验,,3715,,,,,,,,
案例A77,南京金陵天地,一、区域型购物中心/综合体,南京,80 万方大盘综合体的商业启动区,屋顶,餐饮; 零售; 生鲜,大盘综合体商业启动区逻辑; 超级交通串联; 客厅+公园双场景; 适配填空招商; 屋顶餐酒延长时段,高,No.416,待核验,,3765,,,,,,,,
案例A78,杭州嘉里中心,一、区域型购物中心/综合体,杭州,未提及,未分类,餐饮; 零售,慢功夫维护硬件; 顶层生活方式引领; IP 共创式运营; 街区氛围外摆,高,No.417,待核验,,3815,,,,,,,,
案例A79,菏泽嘉禾城,一、区域型购物中心/综合体,山东菏泽（三四线小城）,十几万方,未分类,餐饮; 零售; 亲子; 生鲜,一线城市标准下沉; 自营超市 + 主题市集; 首店矩阵抬高天花板; 00 后员工造 IP,高,No.423,待核验,,3864,,,,,,,,
案例A80,惠州华贸天地,一、区域型购物中心/综合体,惠州（非一线城市）,未提及,未分类,餐饮; 零售,抢跑招商; 招商运营一体化攻坚小组; 会员中心升级思想空间,高,No.426,待核验,,3913,,,,,,,,
案例A81,济南领秀城贵和购物中心,一、区域型购物中心/综合体,济南,用了足足一万方做运动场,盒子mall,餐饮; 零售; 体验; 运动,大体量运动场嵌入商场; 运动体验 + 零售 + 餐饮闭环; 赛事运营提升专业度; 公募 REITs 退出,高,No.436,待核验,,3961,,,,,,,,
案例A82,义乌之心,一、区域型购物中心/综合体,浙江义乌（三线县级市）,未提及,未分类,餐饮; 零售; 生鲜,首店矩阵打开县城天花板; 自创会员 IP; 反差客群利用,高,No.441,待核验,,4010,,,,,,,,
案例A83,呼和浩特万象城,一、区域型购物中心/综合体,呼和浩特,近 24 万方,盒子mall,餐饮; 零售,在地文化建筑语言; 流动创意空间场牌; 品牌定制店本地化; mamicare 体系升级,高,No.447,待核验,DG06,4058,,,,,,,,
案例A84,武昌万象城,一、区域型购物中心/综合体,武汉,未提及,盒子mall; 屋顶; 公园,餐饮; 零售,IP 锚定差异化; 自造厂牌系列; 有限空间城市留白; 季节换皮肤,高,No.450,待核验,,4107,,,,,,,,
案例A85,太原万象城,一、区域型购物中心/综合体,太原,超大体量,盒子mall; 历史文化,餐饮; 零售; 文化; 运动,外广场开放式街区; 在地文旅资源合作; 文化输出展览,高,No.453,待核验,,4156,,,,,,,,
案例A86,南京玄武招商花园城,一、区域型购物中心/综合体,南京,未提及,未分类,餐饮; 零售,自然 + 天文双标签; 大盒子种树 + 自动浇水; 骑行友好楼梯; 商业综合体天文台; 哑铃式品牌格局,高,No.464,待核验,,4204,,,,,,,,
案例A87,成都大悦城,一、区域型购物中心/综合体,成都,未提及,盒子mall,餐饮; 零售; 亲子; 运动,运动潮流内容叠加; IP 首展矩阵; 会员调研面对面; 免单卡会员营销,高,No.466,待核验,,4254,,,,,,,,
案例A88,上海徐汇万科广场,一、区域型购物中心/综合体,上海,10 万方,未分类,餐饮; 零售; 体验; 亲子; 运动,自带城市公园作为商业地盘; 运动社群闭环; 旅客半价停车福利,高,No.471,待核验,,4303,,,,,,,,
案例A89,深圳壹方天地,一、区域型购物中心/综合体,深圳,60 万方,未分类,零售; 体验; 亲子; 运动,巨无霸分区打造; 赛事竞技主力店; 商圈铁三角造城; 宠物友好商圈,高,No.474,待核验,,4351,,,,,,,,
案例A90,上海港汇恒隆广场,一、区域型购物中心/综合体,上海,未提及,未分类,餐饮; 运动,商场变城市舞台; 老牌年轻化换新; 首店收割机矩阵,高,No.476,待核验,,4400,,,,,,,,
案例A91,七宝灵展广场（原七宝万科）,一、区域型购物中心/综合体,上海,未提及,未分类,餐饮; 零售; 亲子; 运动,品牌落地实验场; 小步快跑微调; 地下层主题美食市迹; 儿童推车免费借,高,No.488,待核验,,4448,,,,,,,,
案例A92,成都 IFS,一、区域型购物中心/综合体,成都,未提及,未分类,餐饮,重奢场餐饮三波创新; 黑珍珠星厨 + 高端放题; 垂直空间餐饮矩阵; 在地化品牌合作,高,No.489,待核验,,4497,,,,,,,,
案例A93,济南印象城,一、区域型购物中心/综合体,济南,未提及,未分类,餐饮; 娱乐,5 大社交圈运营; 自有 IP 系列活动; 黄金珠宝矩阵调改; 夜市联动外摆,高,No.490,待核验,,4546,,,,,,,,
案例A94,南昌大悦城,一、区域型购物中心/综合体,南昌,未提及,盒子mall,餐饮; 零售,显眼包地标建筑; 二次元圣地定位; 偶像一日店长,高,No.496,待核验,DG04,4595,,,,,,,,
案例A95,重庆万象城,一、区域型购物中心/综合体,重庆,50 万方（2023 年北区打开后总体量，全国超大万象城）,盒子mall,餐饮; 运动,超大体量分区聚焦; 在地设计语言; 古树保留 + 时尚共存; 艺术圈资源导入,高,No.498,待核验,,4643,,,,,,,,
案例A96,长沙万象城,一、区域型购物中心/综合体,长沙,未提及,盒子mall,餐饮; 零售,餐饮首发打新; 空间局部创新表达态度; 户外景观广场 + 巨型 IP; 明星活动矩阵,高,No.499,待核验,DG18,4692,,,,,,,,
案例A97,成都温江合生汇,一、区域型购物中心/综合体,成都温江（大城西）,未提及,滨水,餐饮; 零售; 亲子,首店收割机策略; 餐饮高墙全价格带; 全客群 IP 活动; 听让式网感运营,高,No.504,待核验,,4741,,,,,,,,
案例A98,淄博万象汇,一、区域型购物中心/综合体,淄博（三线城市）,未提及,未分类,餐饮; 零售; 亲子; 运动,标准化样板打造; 大体系孵化原创品牌; 卷服务细节; 小红书矩阵破圈,高,No.506,待核验,,4790,,,,,,,,
案例A99,侨福芳草地,一、区域型购物中心/综合体,北京,20 万方综合体,未分类,餐饮; 零售; 文化; 办公; 酒店,玻璃金字塔迷你城市; 可自清洁 ET fe 充气薄膜外立面; 5 亿艺术品融入商业; 餐饮外摆打破固定分区,高,No.521,待核验,,4839,,,,,,,,
案例A100,深圳 K11 ECOAST,一、区域型购物中心/综合体,深圳蛇口,未提及,公园; 历史文化,餐饮; 零售; 文化,公共文化设施定位; 海滨文化空间入口; 活动先行人气先造; 三展连发对应城市视角,高,No.523,待核验,,4888,,,,,,,,
案例A101,成都银泰中心 in99,一、区域型购物中心/综合体,成都,未提及,未分类,餐饮; 亲子; 运动,勇于掉头转型潮奢; 潮奢西南首店矩阵; 围绕核心半径品质生活; SOP 颗粒度商户管理,高,No.530,待核验,,4937,,,,,,,,
案例A102,EMSPHERE（海外）,一、区域型购物中心/综合体,曼谷,未提及,未分类,餐饮; 零售,无处不在的热情氛围; B1 层国际美食市集; 本土混搭国际招商; 游客友好全英文 + 移动支付; 核心区市集 + 秀场,高,No.543,待核验,,4986,,,,,,,,
案例A103,韩国商场（海外）,一、区域型购物中心/综合体,首尔（含水原）,南哈姆 2000 方、Common Ground 三层集装箱、Starfield 水原、如意岛现代百货,街区,餐饮; 零售,小体量精致村落; 集装箱街区; 公共客厅属性; 招牌灯层次设计; 顶层花园拉客上楼,高,No.544,待核验,,5036,,,,,,,,
案例A104,NEWoMan（海外）,一、区域型购物中心/综合体,东京,7600 ㎡,未分类,餐饮; 零售,凝边界高密度商铺; 轻盈感审美控制; 统一店铺装修风格; 新女性定位招商,高,No.551,待核验,,5086,,,,,,,,
案例A105,沙漠奥莱（海外）,一、区域型购物中心/综合体,洛杉矶远郊荒漠,130 家店铺,未分类,餐饮; 零售,远郊荒漠 + 朝圣感; 地中海式建筑村落; 品牌调性分区; 餐饮放角落迫使穿越,高,No.557,待核验,,5135,,,,,,,,
案例A106,洛杉矶小众商场（海外）,一、区域型购物中心/综合体,洛杉矶,Brentwood Country Mart 一层 27 个铺子、Platform 不到 30 家品牌、Row DTLA 改造项目、Palisades Village 小镇商场,未分类,餐饮; 零售; 生鲜,反标准化小体量商业; 老牌市迹保留外观; 废弃空间改造开放式街区; 本地农场直供有机超市; 高架下小公园激活,高,No.562,待核验,,5184,,,,,,,,
案例B1,东郊记忆,二、城市级概念/产业文商旅,未提及,未提及,街区,零售; 文化,服务者定位; 主理人共创; 细节服务; 行业输出,中,No.10,待核验,,5242,,,,,,,,
案例B2,广州聚龙湾,二、城市级概念/产业文商旅,广州,未提及,盒子mall; 街区; 滨水; 公园,餐饮; 办公; 酒店,历史遗存创造性保留; 树木退让布局; 漫闪盒子; 多元功能嵌套,高,No.50,待核验,,5291,,,,,,,,
案例B3,阿那亚70家新店,二、城市级概念/产业文商旅,未提及,本轮新店70家,未分类,餐饮; 零售,刚需配套养商业; 信任机制; 主理人持续投入,高,No.74,待核验,,5340,,,,,,,,
案例B4,阿那亚2026新店,二、城市级概念/产业文商旅,未提及,2026新店预告70家,未分类,,解决问题导向开发; 服务颗粒度与反馈闭环; 内容作为基础设施; 同频共生招商,中,No.142,待核验,,5388,,,,,,,,
案例B5,北京亮马河,二、城市级概念/产业文商旅,北京,未提及,滨水,餐饮; 文化; 酒店,水为轴线串联节点; 混搭业态布局; 院落改造; 时段切换,高,No.158,待核验,,5438,,,,,,,,
案例B6,伦敦巴特西发电站,二、城市级概念/产业文商旅,伦敦,90亿英镑改造投资，109米烟囱观光电梯，50米挑高中庭,历史文化,餐饮; 文化; 办公,工业符号作为流量入口; 交通先行; 超级租户带动; 新旧融合细节; 品牌克制共识,高,No.229,待核验,,5487,,,,,,,,
案例B7,北海阿萨卡,二、城市级概念/产业文商旅,广西北海,拥有北海体量最大的酒店集群,未分类,餐饮; 酒店,去零售化自循环; 全自营把控; 互联网用户思维; 产业基础解决淡旺季,高,No.235,待核验,,5539,,,,,,,,
案例B8,上海EKA·天物,二、城市级概念/产业文商旅,上海,40多栋老建筑，1000多个停车位,未分类,餐饮; 零售; 体验; 文化,建筑差异化; 刚需先行; 活动IP化; 长期资产化,高,No.353,待核验,,5589,,,,,,,,
案例B9,北戴河阿那亚,二、城市级概念/产业文商旅,秦皇岛（北戴河）,年接待350万人次，2024年运营服务产值22亿,街区; 滨水,餐饮; 运动; 酒店,需求倒推业态; 淡季内容拉平; 配套打卡化; 商户经营规范; 价格公约,高,No.525,待核验,,5639,,,,,,,,
案例B10,曼谷1981 Soul & Sold,二、城市级概念/产业文商旅,曼谷,未提及,未分类,餐饮; 零售,主题化旧物重组; 主题社区招商; 快闪铺位低门槛; 放弃主体性邀请策展,高,No.4,待核验,,5693,,,,,,,,
案例B11,沈阳东北超-机械巨虎,二、城市级概念/产业文商旅,沈阳,虎啸街2.5万方，机械巨虎东东32吨、身长18米、站起来5层楼高、4万多个零件、200多个活动关节,街区,,机械巨兽IP; 街区IP化; 神兽宇宙系列,高,No.52,待核验,,5743,,,,,,,,
案例B12,盐官古城-潮乐之城,二、城市级概念/产业文商旅,未提及,朝臣艺术中心2700多个座位,未分类,餐饮; 文化; 酒店,强主题定位; 主题空间语言; 内容生产思维; 自营场馆矩阵,高,No.99,待核验,,5792,,,,,,,,
案例B13,迪拜文艺园区,二、城市级概念/产业文商旅,迪拜,占地23000平米,未分类,餐饮; 文化,反向定位; 轻巧质感设计; 内容养圈子招商; 核心主力空间,高,No.166,待核验,,5842,,,,,,,,
案例B14,广州阿那亚Aperch,二、城市级概念/产业文商旅,广州,两层建筑,未分类,餐饮,立体花园式院子; 南北融合招商; 活人感运营; 朴素自然风格,高,No.355,待核验,,5892,,,,,,,,
案例B15,洛阳魏坡新序,二、城市级概念/产业文商旅,洛阳,未提及,未分类,餐饮; 亲子; 文化,古村反差融合; 见招拆招运营; 冲突感招商; 用一线水平要求自己,高,No.493,待核验,,5942,,,,,,,,
案例B16,耐克TOMA街头足球赛（北京798）,二、城市级概念/产业文商旅,北京,未提及（两天拉了3300多人参与）,未分类,体验,全球IP在地化落地; 赛事+市集+潮流组合; 非标准场地改造,高,No.13,待核验,,5992,,,,,,,,
案例B17,西安小寨原力场,二、城市级概念/产业文商旅,西安,4.5万方,未分类,餐饮; 零售; 文化,首层外立面交品牌创新; 体量有限主动留白; 青年文化业态组合,高,No.17,待核验,DG16,6039,,,,,,,,
案例B18,LV路易号（上海）,二、城市级概念/产业文商旅,上海,1600平，三层,历史文化,餐饮; 零售; 体验; 文化,品牌大装置作为城市奇观; 流量串联商圈; 城市文脉与品牌叙事融合,高,No.19,待核验,,6086,,,,,,,,
案例B19,上海国际电影节,二、城市级概念/产业文商旅,上海,未提及（开票15分钟25万张票抢空）,街区,,城市IP主题街区化; 行业+大众双轨活动; IP衍生消费链路,高,No.22,待核验,,6133,,,,,,,,
案例B20,西安欧亚学院,二、城市级概念/产业文商旅,西安,未提及,未分类,,大师建筑克制设计; 空间服务生活场景; 校园空间转化为内容资产,中,No.25,待核验,,6180,,,,,,,,
案例B21,厦门万象城二期,二、城市级概念/产业文商旅,厦门,二期4万多平，120个品牌（一期十几万方）,盒子mall,餐饮; 零售; 娱乐,在地文化暗线贯穿; 场景化餐饮; 一二期协同热场,高,No.26,待核验,,6227,,,,,,,,
案例B22,顺德万象汇,二、城市级概念/产业文商旅,顺德（佛山）,约50万平米TOD大盘,公园,运动,TOD大盘以水系为脊梁; 文旅铁三角组团; 生态恢复融入人居,高,No.31,待核验,DG20,6274,,,,,,,,
案例B23,南京光环花园城,二、城市级概念/产业文商旅,南京,60万方大综合体，10万方街区，6万方大草地,街区; 公园,,先建公园再建商场; 文旅接驳串联; 古建重建+当代艺术装置,高,No.43,待核验,,6321,,,,,,,,
案例B24,MINISO Gallery（上海外滩）,二、城市级概念/产业文商旅,上海,未提及,滨水,文化,品牌开画廊做艺术展; 老建筑克制留白; 全球艺术城市巡展,高,No.58,待核验,,6368,,,,,,,,
案例B25,温州南食召,二、城市级概念/产业文商旅,温州,未提及,未分类,零售,本土风物改良创新; 旧里搞事情不拆建; 新造社区做主题展厅,高,No.65,待核验,,6415,,,,,,,,
案例B26,广州聚龙湾太古里,二、城市级概念/产业文商旅,广州,未提及,历史文化,,老仓库先做历史展厅; 老榕树老麻石保留; 老地方新买卖,中,No.73,待核验,,6462,,,,,,,,
案例B27,上海蟠龙水市,二、城市级概念/产业文商旅,上海,未提及,未分类,体验,市集造水乡意境; 市集体验化; 市集去中心化,高,No.86,待核验,,6509,,,,,,,,
案例B28,博多运河城（海外）,二、城市级概念/产业文商旅,日本福冈,未提及,滨水,零售,针对性客群转换; 主题区垂直营造; 峡谷风公园商业,高,No.91,待核验,,6556,,,,,,,,
案例B29,重庆江陵茶馆,二、城市级概念/产业文商旅,重庆,2000平,滨水,餐饮; 酒店,老影院完整保留改造; 细节致敬旧日; 茶馆+老电影+小吃综合体,高,No.94,待核验,DG17,6603,,,,,,,,
案例B30,重庆朝天门·城里,二、城市级概念/产业文商旅,重庆,未提及,历史文化,餐饮; 零售; 文化,地标用独有内容挺; 随地大小展; 在地文化定制店,高,No.101,待核验,,6650,,,,,,,,
案例B31,上海新六百YOUNG,二、城市级概念/产业文商旅,上海,未提及,未分类,娱乐; 运动,老百货补位商圈拼图; 城市记忆活在当下; 多客群精准组合,高,No.107,待核验,,6697,,,,,,,,
案例B32,悉尼新鱼市（海外）,二、城市级概念/产业文商旅,澳大利亚悉尼,8万平,滨水,餐饮,大屋檐下大台阶留客; 功能交易+观光复合; 木结构大屋顶地标,高,No.110,待核验,,6744,,,,,,,,
案例B33,重庆东原致新·一奥天地,二、城市级概念/产业文商旅,重庆,未提及（七层，半开放形态）,未分类,零售; 运动; 生鲜,主力店撤场后释放空间; 运动家主题剧场; 运动零售社群主体店,高,No.117,待核验,,6791,,,,,,,,
案例B34,福州万象城,二、城市级概念/产业文商旅,福州,小体量（未提及具体面积）,盒子mall,餐饮; 零售; 运动,小体量重奢精准招商; 极致聚焦一个关键场景; 预约制客群分层运营,高,No.134,待核验,,6838,,,,,,,,
案例B35,成都眉山春游音乐节,二、城市级概念/产业文商旅,成都眉山,未提及（从300人小院到几万人盛会）,未分类,体验; 文化,去中心化舞台散布; 春林市集独立手作; 品牌合作融入现场,高,No.135,待核验,,6885,,,,,,,,
案例B36,上海时装周,二、城市级概念/产业文商旅,上海,未提及,未分类,文化,品牌选址城市街角化; 城市即内容现场; 国际大牌首发阵地,高,No.141,待核验,,6932,,,,,,,,
案例B37,迪拜（海外）,二、城市级概念/产业文商旅,阿联酋迪拜,未提及（杜巴沫相当于200个足球场）,未分类,餐饮; 零售,商场对抗极端气候; 极致洁净度门槛; LG层中庭采光,高,No.145,待核验,,6979,,,,,,,,
案例B38,由布院（海外）,二、城市级概念/产业文商旅,日本九州,常住人口不到1.1万,未分类,餐饮,游客中心做第一幕场景; IP种进本地文化; 美食卖地方食材手艺,高,No.168,待核验,,7026,,,,,,,,
案例B39,深圳中航城君尚,二、城市级概念/产业文商旅,深圳,未提及（超大综合体）,未分类,餐饮; 文化; 办公; 酒店,玻璃盒子挂公园边; 欧陆小镇搬进商场; 综合体+城市合伙人,高,No.171,待核验,,7073,,,,,,,,
案例B40,阿尔萨卡Avenue（海外）,二、城市级概念/产业文商旅,阿联酋迪拜,未提及,未分类,餐饮; 零售; 文化,自下而上艺术内容起步; 工业遗产克制改造; 仓库面向公共向导开门,高,No.173,待核验,,7120,,,,,,,,
案例B41,F1上海站,二、城市级概念/产业文商旅,上海,未提及,盒子mall; 历史文化,零售; 体验; 文化,赛事城市party化; 即看即买+圈粉体验; VIP体验积分兑换,高,No.174,待核验,,7167,,,,,,,,
案例B42,广州春节文旅,二、城市级概念/产业文商旅,广州,未提及（9天假期广东全省接待游客超8000万人次，旅游收入接近850亿元，白云机场春运客流量突破500万人次）,未分类,餐饮; 零售,老建筑原貌+广式茶饮; 不人工造节靠民俗; 科技服务生活,高,No.177,待核验,,7214,,,,,,,,
案例B43,福州上下杭,二、城市级概念/产业文商旅,福州,未提及（14所会馆旧址）,未分类,,文化先行商业后置; 会馆旧址各有故事; 老建筑+坡道探索感,高,No.184,待核验,,7261,,,,,,,,
案例B44,成都东郊记忆SC Shop潮牌集合店,二、城市级概念/产业文商旅,成都,150平,未分类,零售,轻量改造老厂房; 航站楼创意主题; 快闪区轮换选品,高,No.187,待核验,,7308,,,,,,,,
案例B45,Last Exit Truck Park货车公园（海外）,二、城市级概念/产业文商旅,阿联酋（迪拜-阿布扎比E11高速公路旁）,未提及,公园,餐饮,低成本创意做杠杆; 电影布景式打造; 破旧即美学,高,No.189,待核验,,7355,,,,,,,,
案例B46,阿那亚三亚,二、城市级概念/产业文商旅,三亚,未提及,未分类,文化,顶级餐厅集群引流; 配套即售后服务; 交付后推翻空间重定义,高,No.201,待核验,,7402,,,,,,,,
案例B47,北京泡泡玛特画廊,二、城市级概念/产业文商旅,北京,未提及,未分类,文化,潮玩IP开画廊; 纯白外观反差颠覆; 工业遗存同框出片,高,No.205,待核验,,7449,,,,,,,,
案例B48,广州保利广场,二、城市级概念/产业文商旅,广州,未提及（改造场）,未分类,餐饮; 零售; 娱乐; 运动,三流心法（增流停留回流）; 寻客区功能闭环; 一时段业态串联,高,No.210,待核验,,7496,,,,,,,,
案例B49,"环南昆山-罗浮山""8""字形山野公路驿站群",二、城市级概念/产业文商旅,广东,16处建筑/驿站,未分类,餐饮; 体验,文化主线叙事; 建筑师+艺术家跨界共创; 最小干预自然; 节点串联既有文化空间,高,No.213,待核验,,7543,,,,,,,,
案例B50,杭州湖滨in77,二、城市级概念/产业文商旅,杭州,年销百亿,滨水,餐饮; 零售,枢纽点位品牌拆分重组; 橱窗化立面展示; 通道空间主题化改造; 女性客群针对性硬件,高,No.219,待核验,,7594,,,,,,,,
案例B51,上海华润时代广场,二、城市级概念/产业文商旅,上海,未提及,未分类,餐饮; 零售,客群重新定位; 粉丝经济常态化运营; 租户共创盖章打卡; 首店矩阵引进,高,No.245,待核验,,7645,,,,,,,,
案例B52,成都麓湖CPI,二、城市级概念/产业文商旅,成都,未提及,滨水,餐饮; 零售,可持续摊位道具; 露天地支台+档口组合; 概念点策展零售; 阳光+坡道氛围营造,高,No.250,待核验,DG10,7696,,,,,,,,
案例B53,上海苏河湾（华润置地城市更新）,二、城市级概念/产业文商旅,上海,未提及（福建3万块老砖、4万多片老瓦回收复用）,滨水; 历史文化,文化,老材料回收复用; 失传砌筑技艺复原; 三维建模构件修复; 品牌作为共创者; 文化常态化运营,高,No.253,待核验,,7747,,,,,,,,
案例B54,朝天门广场/朝天门城里,二、城市级概念/产业文商旅,重庆,未提及（藏在广场下的飞镖文旅商业项目）,未分类,餐饮; 娱乐,城市原点地标下嵌入商业; 古今对撞空间设计; 戏台作为发布场景; 老字号+新文创品牌组合,高,No.257,待核验,,7799,,,,,,,,
案例B55,Salomon萨洛蒙成都太古里店,二、城市级概念/产业文商旅,成都,超500㎡，双层,未分类,运动,策展化店铺设计; 专业选品+体验匹配; 社群日程常态化; 在地材料创新运用,高,No.268,待核验,,7850,,,,,,,,
案例B56,成都麓湖商业,二、城市级概念/产业文商旅,成都,已开业商业面积38万余平方米，10多万平米艺术空间与办公空间，在建41万平方米，待规划近90万平方米，总计超150万平方米,滨水,,小体量组团式创新; 自然生态作为基因; 自创内容而非找IP; 品牌共创筛选,高,No.292,待核验,,7901,,,,,,,,
案例B57,杭州城北万象城,二、城市级概念/产业文商旅,杭州,15万方商业，背靠80万方大底盘,盒子mall; 街区,餐饮; 零售; 亲子; 运动,站级到达+站级公园; 三类导流组合拳; 礼巷街区+品牌迭代; 全龄友好基础设施,高,No.308,待核验,,7952,,,,,,,,
案例B58,资阳临空经济区,二、城市级概念/产业文商旅,四川资阳,未提及（含方特乐园、邻里中心、潮玩艺术青年聚集地、成美上街、临空奥莱、集装箱运动区等组团）,未分类,餐饮; 运动; 办公,产城人一体化复合发展; 业态细分增量; 商户常态化经营分析会; 创造者驱动数字游民社区,高,No.313,待核验,,8003,,,,,,,,
案例B59,乌镇戏剧节,二、城市级概念/产业文商旅,浙江桐乡乌镇,1300年历史古镇为舞台，今年特邀剧目来自全球10个国家25部佳作，89个中外表演团队，超2000场嘉年华演出,历史文化,餐饮; 体验,古镇+全球戏剧反差定位; 戏剧去剧场化; 多样化打开方式; 整体控制+精细化管理,高,No.332,待核验,,8054,,,,,,,,
案例B60,厦门海上世界,二、城市级概念/产业文商旅,福建厦门,一期已开业，二期12.8万平米超级文旅中心2.0,未分类,餐饮; 零售; 体验; 娱乐,商场先成为景区; 城市级事件变成固定IP; 客群扩展路径; 二期延续一期定位,高,No.339,待核验,,8105,,,,,,,,
案例B61,成都麓镇,二、城市级概念/产业文商旅,成都,未提及（含山顶广场、新雨花街、木连街等阶梯式街道）,未分类,餐饮; 零售; 文化,阶梯式阶段式更新; 欧式建筑+浪漫场景+多元业态+艺术集群; 匠心品牌选品; 在地+国际策展,高,No.340,待核验,,8156,,,,,,,,
案例B62,武汉万象城,二、城市级概念/产业文商旅,武汉,未提及（含漫象WaveB街区）,盒子mall; 街区,餐饮; 零售; 运动,口袋公园+独栋+漫闪融合; 大面积绿色立体造景; 高强度品牌调改; 户外品牌聚集化,高,No.360,待核验,,8207,,,,,,,,
案例B63,成都大旗茶馆,二、城市级概念/产业文商旅,成都,未提及（三四层楼挑高的剧场式茶馆）,未分类,餐饮; 体验; 娱乐,剧场式茶馆场景; 清硬装用软装; 老字号业态组合; 全龄段包容定位,高,No.363,待核验,,8258,,,,,,,,
案例B64,宜宾天地,二、城市级概念/产业文商旅,四川宜宾,14万方大体量商业，集合南北区贸开放街区、公园,街区; 公园,餐饮; 零售; 运动,游客友好计划; TOD+POD综合体; 一线城市玩法下沉; IP+艺术家场景,高,No.365,待核验,,8309,,,,,,,,
案例B65,渝北光环花园城,二、城市级概念/产业文商旅,重庆渝北,未提及（含世界树超级顶观横跨四层楼）,未分类,亲子,垂直花园+山城地貌; 超级顶观IP化; 商业景观+博物馆共建; 景观嵌进品牌店; 商场+政务服务,高,No.375,待核验,,8360,,,,,,,,
案例B66,北京通州领展广场,二、城市级概念/产业文商旅,北京通州,未提及（含中庭、石味街福d plus餐饮区）,未分类,餐饮; 零售,中庭室外化; 不闭店爆改餐饮区; 释放面积变铺子; 改造前半年预热,高,No.378,待核验,,8412,,,,,,,,
案例B67,佛山宏宇·GDC国际科教体育竞速中心,二、城市级概念/产业文商旅,广东佛山南海桂城,未提及（含世界级遥控赛车专用赛道、2万平水域、户外演唱会场地）,未分类,运动,小众爱好作为城市IP; 兼顾专业与全民参与; 竞速+生态+乐园公园商业; 兴趣社群种下文旅目的地,高,No.384,待核验,,8463,,,,,,,,
案例B68,晋中天美杉杉奥特莱斯,二、城市级概念/产业文商旅,山西晋中,未提及,历史文化,餐饮; 零售; 体验; 文化,跨城市咽喉选址; 组货+渠道能力; 宠顾客细节; 非遗文化据点,高,No.388,待核验,,8514,,,,,,,,
案例B69,芜湖古城,二、城市级概念/产业文商旅,安徽芜湖,占地423亩，1800年历史，6个文保单位（城隍庙、衙属文庙、模范监狱等），花街、南门湾、南镇街、河豚巷等街巷，老城基里70多栋建筑,街区; 滨水; 历史文化,餐饮; 文化,四步改造法; 万人石砖计划; 新旧砖拼图编织; 全开放+全自持运营,高,No.406,待核验,,8565,,,,,,,,
案例B70,合肥银泰in77,二、城市级概念/产业文商旅,安徽合肥,未提及,未分类,餐饮; 零售,老百货留白改造; 6个月整改细节; 主理人驱动式社群; 媒体共建城市节庆,高,No.427,待核验,,8616,,,,,,,,
案例B71,景德镇瓷文化市集,二、城市级概念/产业文商旅,江西景德镇,300多个商家,历史文化,餐饮; 体验,多景点变天然发现地; 明星达人+老艺人混搭; 摊位直播化; 体验+种草+消费闭环,高,No.428,待核验,,8667,,,,,,,,
案例B72,西安万象城（生命之树）,二、城市级概念/产业文商旅,陕西西安,未提及（含生命之树57米高、60枚叶片）,盒子mall,餐饮; 零售,城市级独家符号景观; 立体植物园开放参观; 持续城市级文化内容; 高能级品牌倾斜,高,No.430,待核验,DG15,8718,,,,,,,,
案例B73,成都娇子人行桥,二、城市级概念/产业文商旅,四川成都,几个桥墩撑起9个大小盘子（300平到1600平）,未分类,,桥上种树造公园; 多层级盘子造景; 晚上灯光秀+喷泉; 桥下桥上分层使用,高,No.445,待核验,,8769,,,,,,,,
案例B74,沈北吾悦广场,二、城市级概念/产业文商旅,辽宁沈阳沈北,未提及（含3000平卡路里公园X空间）,盒子mall; 公园,零售; 运动,成熟连锁+本地孵化双管齐下; 本地品牌孵化; X空间+特色赛道; 200+品牌调窜变形,高,No.448,待核验,,8820,,,,,,,,
案例B75,罗湖益田假日广场,二、城市级概念/产业文商旅,广东深圳罗湖,未提及,街区; 滨水,零售; 生鲜,客群精准定位; 借力口岸流量; 质价比锁回头客; 餐饮经典+爆款组合,高,No.449,待核验,,8871,,,,,,,,
案例B76,郑东万象城,二、城市级概念/产业文商旅,河南郑州,24万方大体量，北区大盒子近20万平主体，南区4万多平半露天街区,盒子mall; 街区; 滨水,餐饮; 零售; 运动,立面呼应在地文化; 立面动态互动; 南北分区一街一合; 室内户外化花园,高,No.458,待核验,,8922,,,,,,,,
案例B77,顺德万象汇,二、城市级概念/产业文商旅,广东佛山顺德,未提及,未分类,餐饮; 零售; 运动,在地文化内核+当代审美; 餐饮全透明明朗店面; 老字号进商场升级; 首店矩阵制造跨城吸引力,高,No.459,待核验,DG20,8973,,,,,,,,
案例B78,乌鲁木齐CCMALL时代广场,二、城市级概念/产业文商旅,新疆乌鲁木齐,未提及（含LG层7米调高景观休息区）,盒子mall,,LG层景观休息区; 百万洗手间; 品牌定制店门头; 品牌日IP化运营,高,No.467,待核验,,9024,,,,,,,,
案例B79,京都文旅商业（海外）,二、城市级概念/产业文商旅,日本京都（海外）,未提及,未分类,餐饮; 零售,自然+建筑+交通+IP+业态打包; 精神河流作为漫商业基因; 老建筑里做年轻商业; 外来品牌遵循城市审美,高,No.472,待核验,,9075,,,,,,,,
案例B80,成都COSMO,二、城市级概念/产业文商旅,四川成都,未提及（含中庭空间、扣那社交版食堂）,未分类,餐饮; 零售; 文化,同品类品牌聚集; 工业风硬件投入; 社交版校园食堂; 展览+赛事造场子,高,No.483,待核验,,9126,,,,,,,,
案例B81,广州天环,二、城市级概念/产业文商旅,广东广州,未提及（下沉广场2万方，300多米720度双向沿街面）,未分类,餐饮; 零售; 运动,一楼让给市民; 凹十米下沉广场; 720度双向沿街面; 嗅觉经济先发布局; 口袋公园矩阵,高,No.492,待核验,,9177,,,,,,,,
案例B82,重庆北城天街,二、城市级概念/产业文商旅,重庆,未提及（含AB馆、高街、榕树广场）,未分类,餐饮; 零售,删繁就简+室内室外化; 榕树广场挖下沉广场; 围挡变打卡花墙; 户外品牌定制门头; 商场内引集市,高,No.508,待核验,,9229,,,,,,,,
案例B83,腊肠岛欧米卡之terris（海外）,二、城市级概念/产业文商旅,日本冲绳,34栋纯白建筑，20分钟可走完,未分类,,退台式山坡布局; V字形动线; 甜品饮料业态主导; 机场旁商业选址,高,No.512,待核验,,9281,,,,,,,,
案例B84,西安小寨原力场,二、城市级概念/产业文商旅,西安,未提及,未分类,餐饮; 零售,快时尚引流+设计师变现组合; 数据驱动的位置调整; 餐饮上楼+迷你档口; 低成本氛围营造,高,No.513,待核验,DG16,9332,,,,,,,,
案例B85,潮流盒子·武汉X118,二、城市级概念/产业文商旅,武汉,7层楼空间，70多家品牌,盒子mall,餐饮,老百货+二次元主题更新; 自创拟人化IP; 场地+活动交给玩家决定; 针对性服务设施,高,No.514,待核验,,9383,,,,,,,,
案例B86,厦门大悦城,二、城市级概念/产业文商旅,厦门,十万方,盒子mall; 街区,餐饮; 零售; 运动,室外空间室内化; 屋顶无边际打卡点; 漫闪街区+潮流手作品牌; 城市级活动密度,高,No.515,待核验,DG05,9434,,,,,,,,
案例B87,魏坡新序,二、城市级概念/产业文商旅,洛阳,未提及（小村子）,未分类,餐饮; 零售,老灵魂+新品牌反差组合; 建筑做减法+内容做加法; 国际咖啡节等内容驱动; 高频活动链接社群,高,No.516,待核验,,9485,,,,,,,,
案例B88,顺德ALSO,二、城市级概念/产业文商旅,佛山顺德,一圈铺面包起中心广场，室内工区少,未分类,餐饮; 零售,户外广场激活室内硬伤; 老带新招商策略; 口袋公园划分广场; 主理人兴趣班填充碎片时间,高,No.517,待核验,,9536,,,,,,,,
案例B89,深圳深业上城,二、城市级概念/产业文商旅,深圳,未提及（含小镇+商场+盒子商业）,盒子mall,餐饮; 零售; 运动,廊桥缝合商场与公园; 公园变户外活动场地; 蒙特利安墙造景; 旗舰店+免税店+百货组合,高,No.520,待核验,,9587,,,,,,,,
案例B90,青岛万象城,二、城市级概念/产业文商旅,青岛,建筑面积超30万方，9层楼,盒子mall,餐饮; 零售; 娱乐; 运动,多首层设计; 屋顶天空之城分区; 城市AB面客群细分; 千万级亲民调性,高,No.533,待核验,DG19,9638,,,,,,,,
案例B91,北京超极合生汇,二、城市级概念/产业文商旅,北京,46万方（65个足球场大小）,未分类,零售; 亲子; 运动,主题乐园式切分大体量; 巨型穹顶作为地标+活动场; 首店专治消费外衣策略; IP浓度内容运营,高,No.541,待核验,DG03,9689,,,,,,,,
案例B92,广州番禺OMG网红街,二、城市级概念/产业文商旅,广州,近8万方商业街区,街区,餐饮; 亲子,自营主力店控成本; 反效率制造快乐; 零重复品类策略; 养成系街区运营,高,No.567,待核验,,9740,,,,,,,,
案例B93,广州九龙湖阿那亚（岭南版阿那亚）,二、城市级概念/产业文商旅,广州,未提及（含欧式小镇+湖区+大草坪+废墟教堂）,滨水,餐饮; 娱乐; 酒店,"入口藏进山坳营造安全感; 跨城市拉品牌融合; 废墟教堂""假装没人设计过""; 放弃开发用地造活动大草坪",高,No.568,待核验,,9791,,,,,,,,
案例B94,深圳大运天地,二、城市级概念/产业文商旅,深圳,未提及（露天商街）,未分类,餐饮,商场+公园+动物园三合一; 真实宠物友好（非企划概念）; 凤凰木遮阳+清水空间布局; 港客打卡引流,高,No.569,待核验,DG14,9842,,,,,,,,
案例B95,泡泡玛特小野全球首家门店,二、城市级概念/产业文商旅,上海,未提及,未分类,餐饮,IP升级为情绪解决方案; 回收木材+混凝土空间; 咖啡收银台做传统药铺造型; IP+生活方式全品类,高,No.577,待核验,,9893,,,,,,,,
案例B96,三亚海棠湾生态公园（华润片区统筹）,二、城市级概念/产业文商旅,三亚,大几千亩山河湖海基地；三亚万象城为全国体量最大的超级万象城,盒子mall; 滨水; 公园,餐饮; 酒店,双轨生态过渡带; 先养环境再养人再养商; 片区统筹3.0版本; 生态公园+万象城组合,高,No.583,待核验,,9944,,,,,,,,
案例B97,北海道新千岁机场（海外）,二、城市级概念/产业文商旅,日本北海道,未提及（含多条主题街区）,街区,餐饮; 酒店,机场变城市盲盒; 读心术式服务; 限定款讲在地故事; 详细旅游攻略前置,高,No.590,待核验,,9995,,,,,,,,
案例C1,首尔圣水洞（海外）,三、街区/滨河/历史文化街区,首尔,未提及,未分类,餐饮; 零售; 文化,老厂房外立面保留; 低租金吸引独立创作者; 新旧反差审美; 高密度店铺排列,高,No.2,待核验,,10054,,,,,,,,
案例C2,悉尼岩石区（海外）,三、街区/滨河/历史文化街区,悉尼,200多个本地原创小品牌店铺；周末市集150个摊位,未分类,餐饮; 零售; 娱乐,能旧则旧的改造原则; 商户外立面统一管控; 本地原创小品牌聚集; 周末主题市集,高,No.12,待核验,DG07,10104,,,,,,,,
案例C3,北京中海大吉巷,三、街区/滨河/历史文化街区,北京,可租赁面积3万方,未分类,餐饮; 零售,文保建筑活化利用; 限高条件下向地下挖空间; 绿地配建景观化利用; 多元文化策展运营; 首店定制店引入,高,No.38,待核验,,10154,,,,,,,,
案例C4,宁波秀水街,三、街区/滨河/历史文化街区,宁波,保留1个区级文保单位、12个市级文保点、16栋历史建筑、34个传统风貌建筑；开街三天客流60万人，销售额突破1100万,历史文化,餐饮; 文化; 酒店,基础设施先行; 店铺位置精准判断; 老宅讲故事; 开放式剧场化运营; 影视IP植入; 片区策展串联,高,No.54,待核验,,10205,,,,,,,,
案例C5,悉尼QVB（海外）,三、街区/滨河/历史文化街区,悉尼,长190米、宽30米，占据一个城市街区；场内200家店,街区,餐饮,历史建筑原貌完整保留; 严苛的商户装修管控; 长条形空间视觉密度填充; 中间固定做香氛快闪; 二楼博物馆式慢节奏,高,No.113,待核验,,10257,,,,,,,,
案例C6,上海安福路,三、街区/滨河/历史文化街区,上海,全长不到900米,未分类,餐饮; 零售; 运动,街区尺度舒适; 自带热度品牌扎堆; 内容持续输出; 大牌快闪+小店混搭; 两头与中段流量轮动,高,No.407,待核验,,10308,,,,,,,,
案例C7,景德镇陶阳里,三、街区/滨河/历史文化街区,景德镇,中山北路长约400米,未分类,,真实生产生活保留; 7年研究式修缮; 非必要不增加原则; 戏台+匠人+游客共融; 本地化市井浓度,高,No.432,待核验,,10359,,,,,,,,
案例C8,北京胡同商业,三、街区/滨河/历史文化街区,北京,未提及,未分类,餐饮; 零售; 文化; 酒店,一院一侧绣花功夫改造; 国际品牌镶嵌制造稀缺体验; 原住民生活场景保留; 改造初期运营团队介入; 主理人品牌孵化,高,No.37,待核验,,10412,,,,,,,,
案例C9,青岛银鱼巷,三、街区/滨河/历史文化街区,青岛,银鱼巷255米长；盈余百货mini帽LL南区入口3000多平；波螺油子防空洞39米长,地下,餐饮; 零售; 体验,防空洞/废弃空间改造; 老厂房外低调门头+室内炸裂; 600瓶咖啡烘焙工坊前店后厂; 小众品牌故事化陈列; 原貌保留+细节变化,高,No.82,待核验,,10463,,,,,,,,
案例C10,广州黄沙上堓,三、街区/滨河/历史文化街区,广州,未提及,历史文化,零售; 文化,真实质感保留; 装饰致敬原记忆; 主题化活动; 本地老字号与潮流品牌混搭; 多年龄段客群覆盖,高,No.93,待核验,,10514,,,,,,,,
案例C11,上海M+幸福里,三、街区/滨河/历史文化街区,上海,全长不到200米；租金据说翻了3倍,未分类,,封闭院落改街道; 空间层次拉满; 运营与设计互相提需求; 设计师自经营内容店; 内容店功成身退,高,No.121,待核验,,10565,,,,,,,,
案例C12,昆明巡津街,三、街区/滨河/历史文化街区,昆明,寻经归林800平,历史文化,餐饮; 文化,旧停车楼爆改; 工业灰水洗式质感; 街角会客厅+沿街外摆; 差异化品质咖啡; 茶饮向咖啡馆靠齐; 宝藏杂货店深巷隐藏,高,No.192,待核验,,10616,,,,,,,,
案例C13,武汉延庆里,三、街区/滨河/历史文化街区,武汉,未提及（主向东西约5-6米宽，适合慢走）,未分类,餐饮; 零售; 娱乐; 文化,石库门建筑形制保留; 天井巷道丰富空间层次; 导示干紧克制; 入口艺术中心引流; 店铺靠陈列审美吸引; 整体控制商业感,高,No.425,待核验,,10668,,,,,,,,
案例C14,成都CPI,三、街区/滨河/历史文化街区,成都,未提及,公园,餐饮; 零售; 娱乐,公园气质吸引高奢快闪; 限时店主题化搭建; 广场慢闪快闪开放给市民; 公共空间运营创新; 品牌与场地打配合造话题,高,No.475,待核验,,10720,,,,,,,,
案例C15,上海延庆路/东湖路/永源路小马路商业更新,三、街区/滨河/历史文化街区,上海,延庆坊三栋独立小楼两千多平；各条马路长度两三百米,滨水,餐饮; 零售; 娱乐,老弄堂打开重塑街区尺度; 减法更新做记忆点; 街区作为街头广告位; 本地生活与年轻消费自然融合,高,No.21,待核验,,10771,,,,,,,,
案例C16,马来西亚怡保夜生活街区（海外）,三、街区/滨河/历史文化街区,马来西亚怡保（海外）,未提及,街区,餐饮; 娱乐,跨年龄夜生活场景; 故意露旧的废墟美学; 在地性自然融入饮食,高,No.40,待核验,,10820,,,,,,,,
案例C17,成都三色锦岸夜市（原三色路）,三、街区/滨河/历史文化街区,成都,未提及（搬迁更新后体量更大）,未分类,餐饮; 零售,滨河夜市定位; 规整管理与烟火气并存; 夜市公共客厅化,高,No.46,待核验,,10868,,,,,,,,
案例C18,北京王府中環,三、街区/滨河/历史文化街区,北京,不到4万方,未分类,餐饮; 零售; 文化,限定版概念版品牌筛选; 高端场消除距离感; 历史街区里的院落延展,高,No.63,待核验,DG02,10916,,,,,,,,
案例C19,北京朝外UIC街区,三、街区/滨河/历史文化街区,北京,未提及（朝外片区近几年系统性更新约15万平米公共空间）,街区,餐饮; 零售; 娱乐,情绪蓄水式社群运营; 痛楼痛街痛城联动; 票根社交货币化; 流量经营人心,高,No.70,待核验,,10964,,,,,,,,
案例C20,成都文殊坊,三、街区/滨河/历史文化街区,成都,未提及,未分类,餐饮,老字号保留与持续运营; 非遗大师驻场体验; 文化磁场带动商圈; 古建筑+汉服打卡内容,高,No.72,待核验,,11013,,,,,,,,
案例C21,成都曹家巷骄子集市,三、街区/滨河/历史文化街区,成都,未提及,未分类,餐饮; 生鲜,老摊主原址延续经营; 摊位放大与体面经营; 菜市场公共客厅化; 先谈人再谈审美和流量,高,No.83,待核验,,11062,,,,,,,,
案例C22,悉尼QVB维多利亚女王大厦（海外）,三、街区/滨河/历史文化街区,悉尼（海外）,长190米、宽30米，200家店,未分类,餐饮,历史建筑原貌保护与商业叠加; 严苛审美控制统一把控; 长条形空间用细节破深度; 分层节奏差异化,高,No.105,待核验,,11111,,,,,,,,
案例C23,上海虹口区域商业更新,三、街区/滨河/历史文化街区,上海,6幢海派建筑、5个商业广场、4座公园绿地、1个慢行系统,公园,零售; 文化,老宝贝重组不拆建; 当代审美包装本地生活; 风字型系统化更新; 文化浓度变消费体验,高,No.124,待核验,,11160,,,,,,,,
案例C24,成都regular原野,三、街区/滨河/历史文化街区,成都,未提及,未分类,餐饮; 文化,公园地下造街区; 古典元素搬入咖啡空间; 米其林与烟火气并存,高,No.148,待核验,DG08,11210,,,,,,,,
案例C25,上海淮海路商业街,三、街区/滨河/历史文化街区,上海,未提及,未分类,零售; 文化; 运动,顶流大马路四轮换血; 旗舰店+首店策略; 策展型零售转型; 老店退场新店回归,高,No.154,待核验,,11258,,,,,,,,
案例C26,曼谷松汪road街区（海外）,三、街区/滨河/历史文化街区,曼谷（海外）,未提及,街区,餐饮,自下而上民间重生; 修旧如旧最小干预; 低成本内容圈粉; 反差感拉满,高,No.156,待核验,,11307,,,,,,,,
案例C27,槟城Hin Bus Depot兴巴士（海外）,三、街区/滨河/历史文化街区,槟城（海外）,60多个摊位,未分类,餐饮; 零售; 娱乐; 文化,废弃老巴士站改创意园区; 市集留白不塞满; 用味道筛选客人; 旧物件+新创意基因,高,No.157,待核验,,11356,,,,,,,,
案例C28,清迈One Nimman尼曼一号（海外）,三、街区/滨河/历史文化街区,清迈（海外）,未提及,未分类,餐饮,故意留旧的半户外街区; 红砖回廊带穿堂风; 本地首座精致化收集; 再造村口活跃感,高,No.191,待核验,,11405,,,,,,,,
案例C29,吉隆坡pocket破旧美学街区（海外）,三、街区/滨河/历史文化街区,吉隆坡（海外）,未提及（二层独栋）,街区,餐饮,极度隐藏门头; 修旧如旧保留废墟; 粗粝与细腻反差; 隐藏式门头+长廊布局,高,No.194,待核验,,11454,,,,,,,,
案例C30,泉州十洲城,三、街区/滨河/历史文化街区,泉州,未提及,未分类,餐饮; 零售; 娱乐; 文化; 运动,历史名城新灵魂开发; 骨架在地+视角国际; 景观接进每家店; AB面业态组合,高,No.199,待核验,,11503,,,,,,,,
案例C31,北京朝外潮庙会,三、街区/滨河/历史文化街区,北京,朝外片区近几年系统性更新约15万平米公共空间,未分类,餐饮,传统庙会潮味化; 街区系统化更新+庙会激活; 商业联盟联动; 生活经济解决麻烦,高,No.200,待核验,,11552,,,,,,,,
案例C32,福州上下杭历史街区烟火生活季,三、街区/滨河/历史文化街区,福州,未提及（3天聚会）,街区; 历史文化,文化,社交媒体+线下连接; 老派+新潮共生; 城市手账持续更新; 普通人主角化,高,No.215,待核验,,11601,,,,,,,,
案例C33,曼谷vanage houses老厂房改造（海外）,三、街区/滨河/历史文化街区,曼谷（海外）,未提及,产业园,餐饮; 文化; 办公; 酒店,老厂房最小干预改造; 第6代继承人接手延续; 杂货来自朋友和员工; 不刻意粗糙感,高,No.218,待核验,,11650,,,,,,,,
案例C34,广州阿那亚A perch朋里,三、街区/滨河/历史文化街区,广州,二十几个铺位,未分类,餐饮; 零售,松散布局浪费空间; 设计运营一体化; 联排别墅式铺位; 建筑不抢戏做背景,高,No.231,待核验,,11699,,,,,,,,
案例C35,成都东郊记忆warmix街区,三、街区/滨河/历史文化街区,成都,未提及,街区,餐饮; 零售,老建筑留白造街区; 一店多景独栋组合; 拐角大树造天然咖啡厅,高,No.240,待核验,,11748,,,,,,,,
案例C36,佛山王府井紫薇港,三、街区/滨河/历史文化街区,佛山,20万方以上,未分类,餐饮; 零售; 娱乐; 运动; 酒店,三大中庭+主题LED轮换; 集团品牌优势组团购开店; 微度假消费链条,高,No.262,待核验,,11795,,,,,,,,
案例C37,北京蓝色港湾灯光节,三、街区/滨河/历史文化街区,北京,未提及,街区,,长期持续造节; 非遗+科技叙事; 线上线下场景式玩法; 街区融合城市水岸,中,No.270,待核验,,11842,,,,,,,,
案例C38,北京三里屯太古里路易威登之家,三、街区/滨河/历史文化街区,北京,四层空间,未分类,零售,建筑立面东方元素+品牌经典; 多楼层场景切换+艺术策展; 餐厅作为品牌对话窗,高,No.278,待核验,,11890,,,,,,,,
案例C39,成都王府井科华店,三、街区/滨河/历史文化街区,成都,未提及,未分类,餐饮; 零售; 体验; 亲子; 运动,轻硬装重氛围改造; 中岛促减+楼层主题; 老场子做品牌孵化厂; 在地化内容运营生根,高,No.280,待核验,,11937,,,,,,,,
案例C40,新加坡老巴刹（海外）,三、街区/滨河/历史文化街区,新加坡（海外）,未提及,未分类,餐饮,小贩中心作为公共基建; 历史文物只修不改; 夜间封路保烟火气,高,No.288,待核验,,11985,,,,,,,,
案例C41,广州东山口街区,三、街区/滨河/历史文化街区,广州,未提及,街区,餐饮; 零售,临街餐饮+楼上潮牌互补; 街区自觉业态调整; 混搭风回归,高,No.296,待核验,,12032,,,,,,,,
案例C42,新加坡FUNan（海外）,三、街区/滨河/历史文化街区,新加坡（海外）,未提及,未分类,运动,中庭钢结构树干+悬空店铺; 大阶梯作休息发呆场; 老旧数码商场改造微缩城市,高,No.306,待核验,,12079,,,,,,,,
案例C43,上海上生·新所浴见全国首店,三、街区/滨河/历史文化街区,上海,未提及,未分类,文化,线上品牌线下实验室; 主题策展式门店; 社区深度连接,高,No.315,待核验,,12126,,,,,,,,
案例C44,新加坡New Bahru（海外）,三、街区/滨河/历史文化街区,新加坡（海外）,未提及,未分类,餐饮; 零售; 娱乐; 生鲜,校园完整保留外壳; 教室改商铺+课堂DIY; 校园连廊留人聚人,高,No.316,待核验,,12173,,,,,,,,
案例C45,杭州良渚文化村玉鸟集,三、街区/滨河/历史文化街区,杭州,多数楼一层高,历史文化,文化,游耕方法做招商; 孵化类商家高占比; 居民从旁观者变合伙人,高,No.322,待核验,,12220,,,,,,,,
案例C46,澳洲布里斯班James Street（海外）,三、街区/滨河/历史文化街区,布里斯班（海外）,未提及,未分类,餐饮; 酒店,极致克制纯白美学; 混合社区业态打散; 半遮半掩橱窗激好奇,高,No.336,待核验,,12267,,,,,,,,
案例C47,武汉新天地,三、街区/滨河/历史文化街区,武汉,未提及（含武汉新天地蓝馆）,未分类,餐饮; 零售; 文化,大铺切分提平效; 快闪转长期短租变长租; 以点带面带飞片区,高,No.341,待核验,,12314,,,,,,,,
案例C48,上海adidas三叶草外滩秀场,三、街区/滨河/历史文化街区,上海,未提及,滨水,零售; 运动,老建筑变秀场; 中国本土年轻设计师共创; 即看即买区,高,No.344,待核验,,12361,,,,,,,,
案例C49,杭州亚奥万象天地,三、街区/滨河/历史文化街区,杭州,总面积12万方,未分类,餐饮; 零售; 娱乐; 运动,里巷串联广场和盒子; 小圈层服务体系化; IP分布多点位,高,No.350,待核验,,12408,,,,,,,,
案例C50,佛山岭南新天地,三、街区/滨河/历史文化街区,佛山,未提及,街区; 公园,餐饮; 文化,原创文化IP落地; 绿色缝合线串联街区; 古建群落+森林公园+商业三合一,高,No.357,待核验,,12455,,,,,,,,
案例C51,北京朝阳花Young潮外消费季,三、街区/滨河/历史文化街区,北京,未提及,公园; 历史文化,餐饮; 文化,公园+商圈串联动线; 公共基建+商业联动; 街区到片区升级,高,No.369,待核验,,12502,,,,,,,,
案例C52,东京NEWoMan/香港中环街市/北京西单更新场（海外+国内）,三、街区/滨河/历史文化街区,东京/香港/北京（海外+国内）,NEWoMan约7000多平、132个品牌,未分类,餐饮; 零售,车站商场无缝衔接; 小空间密集品牌; 地下公园式车站商业,高,No.376,待核验,,12549,,,,,,,,
案例C53,上海龙华会,三、街区/滨河/历史文化街区,上海,未提及,未分类,,庙宇共生定位; 节庆做固定动作; 两条腿拉新+黏性,中,No.380,待核验,,12596,,,,,,,,
案例C54,首尔GENTLE MONSTER总部（海外）,三、街区/滨河/历史文化街区,首尔（海外）,多层建筑,未分类,餐饮; 零售,建筑外星防御塔造型; 零售做成文化世界; 细节完成度极致,高,No.382,待核验,,12643,,,,,,,,
案例C55,曼谷Central Park（海外）,三、街区/滨河/历史文化街区,曼谷（海外）,空中立体公园11200平米（相当于1.5个足球场）,公园,餐饮; 零售,四层立体空中公园; 双风格大中庭造层次; 餐饮做大做强做透,高,No.393,待核验,,12690,,,,,,,,
案例C56,青岛万象城,三、街区/滨河/历史文化街区,青岛,30多万方,盒子mall; 街区; 屋顶,餐饮; 文化,户外广场漫闪街区; 品牌联动跨场共创; 远端低效空间重新活跃,高,No.394,待核验,DG19,12737,,,,,,,,
案例C57,北京中粮祥云小镇,三、街区/滨河/历史文化街区,北京,含9号楼等,街区,餐饮,城市院落空间更新; 大阶梯+平台成露天客厅; 设计师对谈做内容,高,No.410,待核验,,12784,,,,,,,,
案例C58,北京友谊商店/大吉巷/白塔寺东西岔,三、街区/滨河/历史文化街区,北京,大吉巷30多万方,未分类,餐饮; 零售; 运动,轻干预自然生长; 围合式院落聚人气; 当代内容驱动老胡同,高,No.411,待核验,,12831,,,,,,,,
案例C59,西安曲江创意谷,三、街区/滨河/历史文化街区,西安,八栋写字楼串联,滨水,餐饮; 零售,高线公园串联写字楼; 养成式内容让白领成KOL; 城市级文旅+商业协作,高,No.412,待核验,,12878,,,,,,,,
案例C60,沈阳三台子万象汇叁三里,三、街区/滨河/历史文化街区,沈阳,未提及,未分类,零售; 运动,反差造热带雨林街区; 多点位串联弱化商场边界; 去商业化空间运营,高,No.413,待核验,,12925,,,,,,,,
案例C61,上海安福路萨洛蒙概念店,三、街区/滨河/历史文化街区,上海,萨洛蒙500平不到三层老洋楼,未分类,文化; 运动,户外品牌法式慵懒风门店; 三层老洋楼每层主题; 串联邻居做漫游计划,高,No.414,待核验,,12972,,,,,,,,
案例C62,东京宫下公园/大阪难波公园/首尔如意岛/吉隆坡Exchange TRX（海外）,三、街区/滨河/历史文化街区,东京/大阪/首尔/吉隆坡（海外）,未提及,屋顶; 公园,餐饮; 零售; 运动,夹口地造最宽敞公园; 梯田式柜台结构; 屋顶公园从地面步行上去,高,No.422,待核验,,13019,,,,,,,,
案例C63,香港铜锣湾希慎丽园街区,三、街区/滨河/历史文化街区,香港,总规模将近50万方,街区,餐饮; 零售; 娱乐; 亲子; 文化,新旧冲突混搭和谐; 空中连桥串联版图; 把每寸土地用火造社区,高,No.440,待核验,,13066,,,,,,,,
案例C64,印力×曼谷The Mall集团合作（含深圳印力中心印象食集）,三、街区/滨河/历史文化街区,深圳+全国50多座城市落地,深圳印力中心印象食集主力场5000方,盒子mall,文化,闲置空间改主力场; 商场控全场视觉做主力场; 国际IP本土化落地,高,No.444,待核验,,13113,,,,,,,,
案例C65,首尔圣水洞韩系设计街区（海外）,三、街区/滨河/历史文化街区,首尔（海外）,未提及,街区; 地下,餐饮; 零售; 娱乐,老房子+前卫实验反差; 策展式布景像画廊; 随意感定制家居,高,No.446,待核验,,13160,,,,,,,,
案例C66,深圳深业上城/重庆北辰天街/南京德基/郑州郑东万象城室内街区,三、街区/滨河/历史文化街区,深圳/重庆/南京/郑州,郑州郑东万象城24万方,盒子mall; 街区; 滨水,餐饮,老场子去设计感通透改造; 平屋顶改空中温室花园; 跨层福岛花园+半岛蓝河,高,No.451,待核验,,13207,,,,,,,,
案例C67,深圳大悦城,三、街区/滨河/历史文化街区,深圳,接近400家门店,盒子mall; 街区; 屋顶,餐饮; 零售; 娱乐,策展思维放大主题区; 高比例独家品牌; 开业IP活动二次锚定主题,高,No.452,待核验,,13254,,,,,,,,
案例C68,曼谷商业设计五大亮点（海外）,三、街区/滨河/历史文化街区,曼谷（海外）,未提及,未分类,餐饮; 零售,重塑烟火模改地摊; 轻营灰空间; 平价美学利用原建筑; 再造传统文化商业化,高,No.460,待核验,,13301,,,,,,,,
案例C69,西安老城根G park,三、街区/滨河/历史文化街区,西安,L型地块街区+外广场,街区,,全街区交给学生野蛮生长; L型地块街区+外广场换装; 非传统商管团队做原创IP,高,No.473,待核验,,13349,,,,,,,,
案例C70,长春万象城漫闪街区,三、街区/滨河/历史文化街区,长春,室内空间十几万方，室外广场面积3万平米,盒子mall; 街区,餐饮; 零售,庭院级漫闪街区; 阶梯上原地盖房; 招商思维找契合品牌,高,No.482,待核验,,13396,,,,,,,,
案例C71,北京王府中環,三、街区/滨河/历史文化街区,北京,未提及,历史文化,餐饮; 文化; 酒店,港资慢功夫打磨细节; 国际品牌撞进中国土壤; 会员体系跨界权益互通,高,No.501,待核验,DG02,13443,,,,,,,,
案例C72,上海安福路三叶草旗舰店,三、街区/滨河/历史文化街区,上海,未提及,未分类,,选址藏城市双重记忆; 复古元素致敬经典; 门店变潮流文化客厅,中,No.503,待核验,,13490,,,,,,,,
案例C73,广州黄埔花厅坊,三、街区/滨河/历史文化街区,广州,未提及,未分类,餐饮,新里做旧造人味; 街坊食堂稳客流基本盘; 商业+政府功能复合,高,No.507,待核验,,13537,,,,,,,,
案例C74,深圳万象天地MXTR街区,三、街区/滨河/历史文化街区,深圳,内部道路不到400米,盒子mall; 街区,零售,买手制街区选品入口; 街区变流量生产入口; 可拆卸小橱窗讲品牌故事,高,No.518,待核验,,13584,,,,,,,,
案例C75,南京JLC金陵中環,三、街区/滨河/历史文化街区,南京,9.2万方,滨水,餐饮; 运动; 生鲜,港资基本功做细节; 首店拼图补齐精致生活; 高端会员空间; 文化潮流化,高,No.522,待核验,,13631,,,,,,,,
案例C76,杭州天目里,三、街区/滨河/历史文化街区,杭州,未提及,未分类,餐饮; 零售; 文化,办公园区围合绿地公园; 半开放式店铺与公园融合; 艺术与自然做引流,高,No.529,待核验,,13680,,,,,,,,
案例C77,京都车站（海外）,三、街区/滨河/历史文化街区,京都（海外）,10层空间,未分类,餐饮,车站变城市说明书; 限定心理战; 老建筑套新品牌,高,No.532,待核验,,13728,,,,,,,,
案例C78,苏州中環,三、街区/滨河/历史文化街区,苏州,未提及,街区; 滨水; 历史文化,餐饮; 娱乐; 文化; 酒店,滨水四件套; 文化符号融入建筑; 滨水消费背景化,高,No.538,待核验,,13776,,,,,,,,
案例C79,东京Hibiya OKUROJI（海外）,三、街区/滨河/历史文化街区,东京（海外）,总长约300米，接近1万平米商业空间，36家铺位,历史文化,餐饮; 零售; 娱乐; 文化,高架桥下商业化; 双客群业态平衡; 仅剩一家品牌矩阵,高,No.545,待核验,,13824,,,,,,,,
案例C80,洛杉矶大中央市场（海外）,三、街区/滨河/历史文化街区,洛杉矶（海外）,未提及,未分类,餐饮,原汁原味保留历史空间; 世界料理大混合; 三条运营原则,高,No.547,待核验,,13872,,,,,,,,
案例C81,胡志明咖啡公寓（海外）,三、街区/滨河/历史文化街区,胡志明市（海外）,9层楼，50多家咖啡馆,未分类,餐饮; 娱乐,老公寓自发商业化; 低成本商业美学; 怀旧风情保留,高,No.548,待核验,,13920,,,,,,,,
案例C82,东京麻布台Hills（海外）,三、街区/滨河/历史文化街区,东京（海外）,中央广场6000多平,盒子mall; 街区; 地下,餐饮,凭空造山谷景观; 三段式商业组合; 原住民保留更新,高,No.550,待核验,,13968,,,,,,,,
案例C83,东京代官山Forestgate（海外）,三、街区/滨河/历史文化街区,东京（海外）,未提及,未分类,餐饮; 零售; 文化,富人区低调商业生态; 木盒子立体森林建筑; 村落式空间尺度,高,No.552,待核验,,14016,,,,,,,,
案例C84,京都新风馆（海外）,三、街区/滨河/历史文化街区,京都（海外）,未提及,历史文化,餐饮; 娱乐; 文化,新旧材料冲突融合; 文化主题品牌矩阵; 酒店融合本土文化,高,No.553,待核验,,14064,,,,,,,,
案例C85,上海永源路商业更新,三、街区/滨河/历史文化街区,上海,一期接近2万方商业,未分类,餐饮; 零售,闲置地块找回压马路感觉; 黄金地段留草坪; 转角藏零售,高,No.558,待核验,,14112,,,,,,,,
案例C86,重庆观音桥好吃街,三、街区/滨河/历史文化街区,重庆,未提及（日均客流8万，节日峰值15万，年营收近6亿）,未分类,,300条运营军规; 利他经营生态; 人性激励生产力,高,No.572,待核验,,14160,,,,,,,,
案例C87,广州永庆坊,三、街区/滨河/历史文化街区,广州,未提及,未分类,零售,迷宫式街巷保留; 内容常换常新; 街区效应外溢,高,No.575,待核验,,14208,,,,,,,,
案例C88,广州万菱汇,三、街区/滨河/历史文化街区,广州,未提及,屋顶,餐饮; 零售,细分尖子生定位; 硬伤变爆点; 内容事件发动机,高,No.579,待核验,,14256,,,,,,,,
案例C89,纽约洛克菲勒中心（海外）,三、街区/滨河/历史文化街区,纽约（海外）,未提及,未分类,餐饮,修旧如旧做经典; 地下空间内在更新; 坚持仪式感做文旅IP,高,No.586,待核验,,14304,,,,,,,,
案例C90,东京宫下公园MIYASHITA PARK（海外）,三、街区/滨河/历史文化街区,东京（海外）,4.6万方，4层楼，300米长,屋顶; 公园,餐饮; 零售; 运动; 酒店,超高强度复合利用; 停车场改造保留粗犷; 公共空间全渗透,高,No.589,待核验,,14352,,,,,,,,
案例D1,南京景枫中心·再地,四、社区型非标商业,南京,药剂式花园约1500方；整体未提及,历史文化,餐饮; 娱乐; 文化,空间打通激活冷区; 三大业态聚焦; 公共桌跨店点单; 植物身份牌+寄养; 日餐夜酒时段切换; 酒精花园组合; 巷道轮换快闪,高,No.34,待核验,,14408,,,,,,,,
案例D2,上海YEAHH PARK,四、社区型非标商业,上海,未提及,历史文化,零售; 文化; 运动,社群媒体化; 品牌型社群定位; 借势场馆定位; 栏目化内容运营; 社群作为招商工具; 主理人/KOC/KOL共玩,高,No.89,待核验,,14460,,,,,,,,
案例D3,麓湖cpi Factory 09,四、社区型非标商业,成都（麓湖）,"未提及（视频中描述为""一栋楼""""小房子""）",滨水,零售,慢品牌集中入驻; 空间气质与品牌气质统一; 为一棵树留天井; 现场展示制作过程; 老字号+新品牌混搭; 设计工作室+商业共存,高,No.103,待核验,,14511,,,,,,,,
案例D4,上海PAC购物中心,四、社区型非标商业,上海,可租面积2万多平,盒子mall,餐饮,定位靠感受而非口号; 社区总导演角色; 慢内容护城河; 用C端语言讲故事; 共创式运营; 因地制宜品牌策略; 自身即客群,高,No.217,待核验,,14562,,,,,,,,
案例D5,三亚东岸麓洲,四、社区型非标商业,三亚,"未提及（视频中描述为""小而美的商业项目""）",未分类,餐饮; 零售; 文化,边界消失设计; 双客群策略; 内容密度提升; 在地品牌连接; 国际化合作; 第二客厅定位,高,No.256,待核验,,14614,,,,,,,,
案例D6,武汉招商蛇口社区营造,四、社区型非标商业,武汉,未提及,未分类,亲子; 运动,不搞闭门会议; 主场交给本地团队; 不搞一刀切; 先看见具体的人; 自下而上循环路径,高,No.68,待核验,,14667,,,,,,,,
案例D7,武汉上岸公园,四、社区型非标商业,武汉,未提及整体；其中自有品牌雅思超市约3500平,公园; 历史文化,餐饮; 零售; 文化; 生鲜,公园作为锚点; 社区树洞访谈; 玩具交换绘本空间; 自营核心店打样; 积分乐园运营体系; 视觉调性年轻化; 把吐槽变许愿池,高,No.285,待核验,,14717,,,,,,,,
案例D8,上海浦发唐镇印象汇,四、社区型非标商业,上海,未提及,未分类,餐饮; 零售; 运动,先匹配需求再定方向; 场景抓日常使用; 不硬卡租金指标; 4个核心场景锁定; 快慢闪试水; 把短板变亮点; 社群活动找招商线索,高,No.370,待核验,,14769,,,,,,,,
案例D9,深圳华侨城OCT PARK,四、社区型非标商业,深圳,未提及,未分类,餐饮; 零售; 文化,商业先可持续; 一店多赢业态; 宠物友好细致化; 打破课堂边界; 季度性组织活动; 可持续无痛化,高,No.434,待核验,,14821,,,,,,,,
案例D10,阿那亚第一食堂,四、社区型非标商业,秦皇岛,3500平（后场含厨房及后勤通道近1500平）,未分类,餐饮,后场占比; 细节配套; 自营食堂作为社区底盘,高,No.8,待核验,,14872,,,,,,,,
案例D11,悉尼岩石区（海外）,四、社区型非标商业,悉尼,未提及,未分类,餐饮; 娱乐,极端克制的外立面管控; 本地原创品牌聚集; 周末市集常态化,高,No.15,待核验,DG07,14918,,,,,,,,
案例D12,泡泡玛特阿那亚烘焙首店（POP BAKERY）,四、社区型非标商业,秦皇岛,未提及,未分类,餐饮,IP联名场景共创; 临海独栋改造; IP全产品植入,高,No.27,待核验,,14964,,,,,,,,
案例D13,英格卡购物中心（荟聚）,四、社区型非标商业,上海（以上海荟聚为例）,未提及,盒子mall; 屋顶,,玩乐调色盘工具箱; 随手可玩的微装置; 一城一玩法定制,中,No.30,待核验,,15010,,,,,,,,
案例D14,长春大鹅花店,四、社区型非标商业,长春,300平,未分类,餐饮; 办公,B端信任背书转C端; 低门槛延长停留; 主理人活人感IP,高,No.35,待核验,,15056,,,,,,,,
案例D15,露露农场花店,四、社区型非标商业,上海,未提及,未分类,零售,公共空间嵌套花店; 鲜花盲盒亲民定价; 花艺课社区粘性,高,No.41,待核验,,15102,,,,,,,,
案例D16,首尔大林仓库（海外）,四、社区型非标商业,首尔,未提及（上世纪70年代精米厂改造）,产业园,餐饮,工业遗存原貌保留; 克制的核心元素; 烘豆工作间景点化,高,No.42,待核验,,15148,,,,,,,,
案例D17,成都麓湖隐溪川,四、社区型非标商业,成都,规划商业面积近14万方,滨水; 公园,运动,小体量实验室先行; 成熟品牌+主理人双向赋能; 场景内容制造能力,高,No.49,待核验,,15194,,,,,,,,
案例D18,阿那亚aaad北岸新店,四、社区型非标商业,秦皇岛,未提及,未分类,零售,品牌价值观场景化; 精心组织的乱; 策展式开业,高,No.51,待核验,,15240,,,,,,,,
案例D19,成都poco寝室香氛店,四、社区型非标商业,成都,不到7平米,未分类,零售,极小空间主题化; 老木板刷白+裸露天花; 互动式产品体验,高,No.75,待核验,,15286,,,,,,,,
案例D20,上海孙北面包社区店,四、社区型非标商业,上海,未提及,未分类,,社区店15分钟生活圈; 减法单品策略; 经营关系替代经营生意,中,No.77,待核验,,15332,,,,,,,,
案例D21,重庆江陵茶馆,四、社区型非标商业,重庆,2000平,滨水,餐饮; 酒店,老建筑原貌保留; 旧物重组造烟火; 低价茶+老电影,高,No.78,待核验,DG17,15378,,,,,,,,
案例D22,MONOCLE静安嘉里中心慢闪店,四、社区型非标商业,上海,未提及,未分类,餐饮,内容品牌慢闪化; 精准客群选址; 限定系列造稀缺,高,No.102,待核验,,15424,,,,,,,,
案例D23,宁波KARA coffee,四、社区型非标商业,宁波,未提及,未分类,餐饮,微型门店老街区选址; 旧物淘来仪式感陈列; 仪式化消费暗示,高,No.104,待核验,,15470,,,,,,,,
案例D24,曼谷Piccolo Vicolo咖啡（海外）,四、社区型非标商业,曼谷,Gali oasis店三层楼、四层楼汽修厂二店,屋顶,餐饮; 文化; 酒店,价值洼地选址; 咖啡+民宿+艺术复合; 城市探索入口化,高,No.106,待核验,,15516,,,,,,,,
案例D25,广州连心创意城,四、社区型非标商业,广州,5层楼,未分类,餐饮,一人公司微生态; 藏起来的选址; 容许失败的低门槛,高,No.108,待核验,,15562,,,,,,,,
案例D26,华润置地陕西润比邻（世园欢乐跑）,四、社区型非标商业,西安,未提及,未分类,零售; 亲子,平台化运营生态打通; 四季主题全年规划; 差异化圈层社群,高,No.109,待核验,,15608,,,,,,,,
案例D27,上海党群服务中心,四、社区型非标商业,上海,未提及,未分类,餐饮,最优资源留给公共生活; 功能叠加复合化; 拆掉看不见的围墙,高,No.119,待核验,,15654,,,,,,,,
案例D28,武汉光谷华润chill park,四、社区型非标商业,武汉,约5万方公园、90万方绿廊,公园,餐饮; 亲子,公园作为生活底盘; 台地悬浮建筑; 先造风景再造家园,高,No.122,待核验,,15700,,,,,,,,
案例D29,东京小川咖啡OGAWA COFFEE LABORATORY（海外）,四、社区型非标商业,东京,4000平（12家店占一层楼）,未分类,餐饮; 文化,单品牌多店占满层; 无门全开放座位共享; 艺术展厅式场景,高,No.123,待核验,,15746,,,,,,,,
案例D30,自然造物上海1KA新店,四、社区型非标商业,上海,3000平双层空间,未分类,零售; 体验; 文化,策展+新零售模式; DIY打包区闭环; 民艺活地图叙事,高,No.136,待核验,,15792,,,,,,,,
案例D31,海口matata咖啡,四、社区型非标商业,海口（已扩展至三亚、万宁）,起点16平米，后扩展为迷你商业综合体（含整栋楼）,未分类,餐饮,逆向选址社区老街; 功能自然长出来; 比市场快零点五步,高,No.138,待核验,,15838,,,,,,,,
案例D32,成都麓湖CPI,四、社区型非标商业,成都,未提及,滨水,餐饮; 零售,村落式散落布局; 快闪+开业策展; 回游路线设计,高,No.144,待核验,DG10,15884,,,,,,,,
案例D33,清迈商业场景设计（海外）,四、社区型非标商业,清迈,未提及,未分类,餐饮; 体验; 娱乐,开放外摆+吊扇; 裸墙裸柱+古树绿植; 不讲标准化,高,No.149,待核验,,15930,,,,,,,,
案例D34,沈阳铁西红梅190五文创园,四、社区型非标商业,沈阳,铁西70万平工业遗存,盒子mall,餐饮; 零售,工业遗存反差感; 主动制造内容运营; 四层消费生态叠加,高,No.163,待核验,,15976,,,,,,,,
案例D35,哈尔滨戈雅咖啡（老洋房系列）,四、社区型非标商业,哈尔滨,未提及（含地下室）,地下,餐饮; 文化,老建筑原貌激活; 主理人精神世界传递; 岁月感保留,高,No.175,待核验,,16022,,,,,,,,
案例D36,上海三立方咖啡（御园路店）,四、社区型非标商业,上海,未提及,未分类,餐饮; 体验,会员换购区私域客厅; 明档制作过程可见; 私域线下化,高,No.178,待核验,,16068,,,,,,,,
案例D37,槟城China House唐人厝（海外）,四、社区型非标商业,槟城,三栋百年老楼，14个风格各异的房间,未分类,餐饮; 零售; 娱乐; 文化,多房间多氛围分区; 白纸蜡笔互动; 墙画可买走,高,No.188,待核验,,16114,,,,,,,,
案例D38,成都光合作用咖啡（热植主题）,四、社区型非标商业,成都,未提及,未分类,餐饮,垂类爱好者据点; 主题周边低门槛; 咖啡+植物复合,高,No.193,待核验,,16160,,,,,,,,
案例D39,伦敦Mercato Mayfair（海外）,四、社区型非标商业,伦敦,未提及（4层平行空间）,地下; 屋顶,餐饮,老教堂改造克制适配; 四层平行空间分区; 档口+公共座位平权化,高,No.198,待核验,,16206,,,,,,,,
案例D40,成都白读书屋,四、社区型非标商业,成都,未提及（已开第二家店）,未分类,餐饮; 零售,空间舒适度留住人; 细分领域扎深; 同频人聚拢,高,No.220,待核验,,16252,,,,,,,,
案例D41,成都南石灶食材店,四、社区型非标商业,成都,未提及,未分类,文化,厨房场景搬进店; 家味灵感小站; 死磕一个点做深,高,No.234,待核验,,16298,,,,,,,,
案例D42,木墨新造社区,四、社区型非标商业,温州（新造社大本营）,未提及,未分类,零售; 文化,游牧市集聚拢手工艺人; 利润分成替代高租金; 品牌生态渐进式构建,高,No.242,待核验,,16344,,,,,,,,
案例D43,沈阳1905文创园,四、社区型非标商业,沈阳,未提及（原车间几十米高，加建三层）,未分类,餐饮; 文化,大车间加建钢构分层; 免费艺术展常态化; 原创IP周末市集,高,No.251,待核验,,16390,,,,,,,,
案例D44,蓝瓶咖啡（Blue Bottle Coffee）,四、社区型非标商业,旧金山（起源地），已进入中国、日本等市场,进入中国市场三年开15家店,未分类,餐饮; 零售,一店一面融入当地; 菜单克制策略; 气质锚点作用,高,No.277,待核验,,16436,,,,,,,,
案例D45,曼谷Dusit Central Park（海外）,四、社区型非标商业,曼谷,未提及,公园,餐饮; 零售; 生鲜,频次优先的业态排布; 自然感空中绿洲; 软硬结合气氛营造,高,No.282,待核验,,16482,,,,,,,,
案例D46,成都arrow咖啡,四、社区型非标商业,成都,未提及,未分类,餐饮,标志性单品引爆话题; 邻居品牌审美协同; 极致审美细节堆叠,高,No.287,待核验,,16528,,,,,,,,
案例D47,新加坡One Holland Village（海外）,四、社区型非标商业,新加坡,1.3万平米,未分类,餐饮; 娱乐; 生鲜,尊重原有街道格局; 公共艺术装置唤起记忆; 宠物友好系统化落地,高,No.293,待核验,,16574,,,,,,,,
案例D48,广州山下植屋（Down of Mountain）,四、社区型非标商业,广州,未提及,未分类,餐饮,园林背景跨界做咖啡; 月咖夜酒揉绿植; 一份租金做多生意,高,No.307,待核验,,16620,,,,,,,,
案例D49,成都LOBANG炉坂面包,四、社区型非标商业,成都,未提及,未分类,餐饮,山顶/山坡选址; 现烤现做可视化; 活动做内容引擎,高,No.310,待核验,,16666,,,,,,,,
案例D50,新加坡KADA（海外）,四、社区型非标商业,新加坡,未提及（塞下18家小店）,未分类,餐饮; 运动; 酒店,极简色彩翻新老建筑; 文物级设施功能化使用; 小房间塞小店,高,No.312,待核验,,16712,,,,,,,,
案例D51,阿那亚金山岭,四、社区型非标商业,承德/北京周边,未提及,未分类,餐饮; 零售; 文化; 酒店,山气主题统一表达; 文化碰撞式买手店; 视觉避难所式单品店,高,No.324,待核验,,16758,,,,,,,,
案例D52,北京牛街法院寺旁JM咖啡,四、社区型非标商业,北京,未提及,未分类,餐饮,反精致破旧美学; 寺庙旁选址造反差; 内凹入口设计,高,No.327,待核验,,16804,,,,,,,,
案例D53,武汉嘉佰汇,四、社区型非标商业,武汉,小体量商业,未分类,餐饮; 零售,跨城品牌联合四手联弹; 商管深度参与运营; 豪宅基因理解高客质,高,No.328,待核验,DG12,16850,,,,,,,,
案例D54,上海大地茶场（淮海路店）,四、社区型非标商业,上海（来自成都）,未提及,未分类,餐饮,沿街高区大阳台做场景; 食物发酵实验室; 朋友家做客动线,高,No.335,待核验,,16896,,,,,,,,
案例D55,成都保利时光里,四、社区型非标商业,成都,开放式街区+独栋大店,街区,餐饮; 零售; 运动,开放式街区避开大盒子; 给品牌原创空间; 主题细分+商户共创,高,No.338,待核验,,16942,,,,,,,,
案例D56,成都门德里咖啡（regular原野店）,四、社区型非标商业,成都,未提及,未分类,餐饮,国外定制道具和杯具; 反粗糙反主流态度; 标志性视觉符号,高,No.342,待核验,,16988,,,,,,,,
案例D57,阿那亚第八食堂,四、社区型非标商业,秦皇岛,未提及,未分类,餐饮,多菜系平价食堂; 取餐动线+小推车; 业主舌尖群自组织,高,No.346,待核验,,17034,,,,,,,,
案例D58,佛山保利水城时光汇,四、社区型非标商业,佛山,未提及,滨水,餐饮; 娱乐,把人推回水边; 场中厂空中花园; 百变舞台+四面LED,高,No.347,待核验,,17080,,,,,,,,
案例D59,墨尔本Chadstone（海外）,四、社区型非标商业,墨尔本,占地近20万方（一般盒子商场的5-6倍），地上一层+地下一层,盒子mall; 地下,餐饮; 零售; 亲子; 生鲜,超大尺度豪爽布局; 餐饮作零售调味剂; 巨型玻璃顶棚借天光,高,No.349,待核验,,17126,,,,,,,,
案例D60,武汉光谷KIC PARK,四、社区型非标商业,武汉,3万平米绿地公园嵌入建筑,公园,亲子,大绿地公园嵌入建筑; 知识客群定制业态; 公园+社群+IP内容,高,No.354,待核验,,17172,,,,,,,,
案例D61,广西北海阿萨卡,四、社区型非标商业,广西北海,未来2400亩园区，当前为DEMO试错版本,未分类,餐饮; 酒店,数字游民+候鸟客群; 直播基地导流; 全业态自持孵化+老字号定制,高,No.359,待核验,,17218,,,,,,,,
案例D62,成都COSMO血脉计划,四、社区型非标商业,成都,未提及（硬质广场+室内伊乐口）,历史文化,餐饮; 文化,在地文化年轻化表达; 广场造景造冲突; 室内外联动展+摊,高,No.362,待核验,,17264,,,,,,,,
案例D63,华润置地润比邻社群,四、社区型非标商业,全国（48个城市196个社区）,48城196社区,未分类,体验; 亲子,用户需求探测器; 内容共建内循环; 情感绑定替代情绪,高,No.364,待核验,,17310,,,,,,,,
案例D64,深圳山池咖啡,四、社区型非标商业,深圳（起源地），已开至北京、阿那亚、首钢园、蛇口、天目里等,未提及,未分类,餐饮; 零售,户外品牌式咖啡店; 破墙开窗融入自然; 基础款做氛围,高,No.373,待核验,,17356,,,,,,,,
案例D65,武汉滨江天街,四、社区型非标商业,武汉,1.3万方绿地无边际乐园,街区; 滨水; 公园,零售; 运动,公园基因+无边际乐园; 灌木间隔户外座椅; 价值观活动落地,高,No.377,待核验,,17402,,,,,,,,
案例D66,北京永定合集,四、社区型非标商业,北京,未提及（漫展街区）,街区,零售; 文化,自然+工业极致对比; 68天快闪式打造; 多品牌聚落开街,高,No.381,待核验,,17448,,,,,,,,
案例D67,上海新天地社区品牌,四、社区型非标商业,上海,6个项目统一品牌,未分类,,人效模型替代坪效; 4类社区场景体系; 内容IP轮转更新,高,No.387,待核验,DG01,17494,,,,,,,,
案例D68,曼谷friend friend（海外）,四、社区型非标商业,曼谷,300平,未分类,餐饮,停车楼改造集合店; 低成本材料+高审美; 老商场小实验激活,高,No.389,待核验,,17540,,,,,,,,
案例D69,曼谷PINO VI（海外）,四、社区型非标商业,曼谷,四层楼高垂直小森林,未分类,餐饮; 文化; 办公,老工厂立面打开; 破损斑驳直白裸露; 自然穿透进室内,高,No.399,待核验,,17586,,,,,,,,
案例D70,郑州嵩南印象城,四、社区型非标商业,郑州,未提及,公园,零售; 娱乐; 亲子; 生鲜,打破审美门槛; 调研驱动业态; 多据点拆室外,高,No.400,待核验,,17632,,,,,,,,
案例D71,深圳坂田天安云谷,四、社区型非标商业,深圳,400万方大盘（在建三期补充住宅、学校、文体中心、老年日间照料中心）,未分类,餐饮; 亲子; 文化; 办公,功能混搭镶嵌; 架空云平台人车分流; 宠物友好深度落地,高,No.409,待核验,,17678,,,,,,,,
案例D72,沈阳陈家桥入口天物面包店,四、社区型非标商业,沈阳（起源地），已开至西安、青岛、呼和浩特等万象城,未提及,未分类,餐饮,翻页版门头设计; 明档明厨全流程可视; 操作人全名暴露,高,No.420,待核验,,17724,,,,,,,,
案例D73,贵阳万象城,四、社区型非标商业,贵阳,未提及,盒子mall; 屋顶,餐饮; 零售,卡斯特地貌造场子; 属地共创品牌孵化; 自有IP故事线引流,高,No.435,待核验,,17770,,,,,,,,
案例D74,吉隆坡百年老屋群（海外）,四、社区型非标商业,吉隆坡,4家店（多栋百年老楼）,未分类,餐饮,修旧如旧+旧里造新; 极致单色反差; 院落改造造泳池,高,No.437,待核验,,17816,,,,,,,,
案例D75,上海IP痛城经济,四、社区型非标商业,上海,城市级覆盖,未分类,餐饮; 零售; 文化; 酒店,展商联动after party; IP作城市流动软装; 策展+IP+乐园产业链,高,No.442,待核验,,17862,,,,,,,,
案例D76,曼谷WWA CafeX Chooseless（海外）,四、社区型非标商业,曼谷,未提及（两层楼）,未分类,餐饮; 零售,老厂房做买手+咖啡; 买手日常怼到面前; 工作室直接放最里端,高,No.443,待核验,,17908,,,,,,,,
案例D77,京都百年老屋群（海外）,四、社区型非标商业,京都,4家店（多栋百年老屋）,未分类,餐饮; 零售,保留老结构+做新内容; 跨品类融合做仪式感; 策展思路填充老楼,高,No.456,待核验,,17954,,,,,,,,
案例D78,成都清源社区,四、社区型非标商业,成都,未提及,未分类,餐饮; 文化,老院子做社区中心; 社区政务+培育孵化; 80年代老物件做内容,高,No.457,待核验,,18000,,,,,,,,
案例D79,成都玉林芳华街,四、社区型非标商业,成都,多条文艺小街,未分类,餐饮; 零售,反曝光藏门头; 老街做孵化地; 外摆大客厅,高,No.465,待核验,,18046,,,,,,,,
案例D80,名创优品MINISO SPACE南京德基店,四、社区型非标商业,南京,未提及,未分类,,IP乐园式店铺; 99%产品IP周边; 卡位顶奢商圈,中,No.470,待核验,,18092,,,,,,,,
案例D81,上海六六梧桐园林里会,四、社区型非标商业,上海、苏州、杭州,上海主楼+苏州邻里中心+苏州庄塔世纪+杭州3栋老办公楼爆改,滨水,餐饮; 亲子; 文化,历史建筑变生活主场; 国际经验本土化; 反精致亲民路线,高,No.481,待核验,,18138,,,,,,,,
案例D82,REX KL(海外),四、社区型非标商业,吉隆坡,未提及,未分类,餐饮; 娱乐; 文化,保留历史原貌改造; 剧场式书店场景; 街边档口氛围设计,高,No.495,待核验,,18184,,,,,,,,
案例D83,瑞虹天地月亮湾(微软生长花鸟集),四、社区型非标商业,上海,花鸟集2000多瓶花做两层,未分类,零售; 体验,花鸟市集IP; 产品思维做社区商业; 可复制可迭代IP激活长尾价值,高,No.497,待核验,,18230,,,,,,,,
案例D84,The Campus Ampang(海外),四、社区型非标商业,吉隆坡,"三层楼,40多家特色商户",未分类,餐饮; 零售,不破坏原有规划的低成本改造; 教室改商铺的玻璃占比策略; 周六校园市集作为灵魂,高,No.511,待核验,,18276,,,,,,,,
案例D85,CPI coco ma,四、社区型非标商业,成都,10个商铺,未分类,零售; 体验; 文化,钢结构膜结构度假棚屋; 开放打混的商铺布局; 家庭厨房场景DIY,高,No.526,待核验,,18322,,,,,,,,
案例D86,上心桥公园,四、社区型非标商业,成都,未提及,公园,运动,公园+社区运营方式; 多人群分时共享大草坪; 工区式安静自喜空间,高,No.528,待核验,,18368,,,,,,,,
案例D87,安踏0碳使命店,四、社区型非标商业,上海,未提及,未分类,体验; 文化,门口裁缝铺改衣服; 三次利用材料策展; 库存remake展,高,No.531,待核验,,18414,,,,,,,,
案例D88,上海新天地(及太平洋新天地),四、社区型非标商业,上海,127万方大社区;太平洋新天地8.8万方商业街;6500平上海最大全景贴膜;250米超高层下半户外广场,历史文化,餐饮; 娱乐; 文化; 运动,混搭基本功; 老街重新打开策略; 公园抢C位商场当背景板,高,No.534,待核验,DG01,18460,,,,,,,,
案例D89,LE LABO武康路店,四、社区型非标商业,上海,未提及,未分类,,"新店往""老""里做; 一城一店表达城市理解; 用信任建立情感链接",中,No.540,待核验,,18506,,,,,,,,
案例D90,and department soul(海外),四、社区型非标商业,首尔,"四层小楼,3000-6000平",未分类,餐饮; 零售,不过度设计的白色外墙; 仓库式精致陈列; 窗外城景做陈列,高,No.546,待核验,,18552,,,,,,,,
案例D91,上升新锁,四、社区型非标商业,上海,未提及(含二期院落式小公园),公园,餐饮; 零售; 运动; 办公,园区式商业非街区; 新品牌总部+开店双身份; 院落式小公园造场景,高,No.555,待核验,,18598,,,,,,,,
案例D92,living room(药厂新品牌),四、社区型非标商业,成都,未提及,未分类,餐饮,客厅式空间氛围; 老品牌新店拓宽边界; 老木头搭结构秩序感,高,No.561,待核验,,18644,,,,,,,,
案例D93,六运小区,四、社区型非标商业,广州,未提及,未分类,餐饮,老小区塞缝隙开店; 粤语谐音梗店名; 生活商业混合场景,高,No.563,待核验,,18690,,,,,,,,
案例D94,Tagi(塔皮),四、社区型非标商业,"未提及(多城布局,含阿拉亚)",未提及,未分类,零售,杂货内容化为成年人玩具; 造逃离现实的2小时体验; 联名引发审美传染病,高,No.566,待核验,,18736,,,,,,,,
案例D95,三亚东岸鹭洲,四、社区型非标商业,三亚,5000方,未分类,餐饮; 零售; 娱乐; 文化,主理人社区概念; 大台阶肚子里藏展厅; 单线条小人VI延续慵懒感,高,No.571,待核验,,18782,,,,,,,,
案例D96,serendipity blend,四、社区型非标商业,成都,"门头不到两米,不到20㎡",未分类,餐饮,站立喝无桌椅模式; 天然食材特调; 视觉厨卫转空间劣势,高,No.573,待核验,,18828,,,,,,,,
案例D97,纽约布鲁克林DUMBO(海外),四、社区型非标商业,纽约,未提及,屋顶,餐饮; 娱乐; 文化,维持原貌旧里造新; 黑红配色克制翻新; 老仓库改精致烟火市集,高,No.574,待核验,,18874,,,,,,,,
案例D98,巴厘岛AKASA悬崖火山咖啡(海外),四、社区型非标商业,巴厘岛,"三层,沿玻璃栈道上下盘旋而建",未分类,餐饮,建筑存在感最低化; 座位看台化无死角观景; 无VIP无预约众生平等,高,No.578,待核验,,18920,,,,,,,,
案例D99,香港启德airside,四、社区型非标商业,香港,6.5万方,地下,餐饮; 亲子,异形天窗揉碎阳光; 精准回应周边社区需求; 历史空间还原策展,高,No.587,待核验,,18966,,,,,,,,
案例D100,东京下北泽BOUNS TRACK(海外),四、社区型非标商业,东京,几个轻巧小排屋(三个项目加起来可能没国内一个超市大),未分类,餐饮; 文化,见缝插针无缝衔接; 主理人品牌孵化生长; 狂想会议支持创业,高,No.588,待核验,,19012,,,,,,,,
案例E1,东京OIMACHI TRACKS（海外）,五、混合业态资产激活,东京,4600平大草坪，81家店（总面积未提及）,未分类,餐饮; 文化; 办公; 酒店; 生鲜,工业遗存观景化; 公共休息空间投入; 业态日常烟火化; 元素主题化体验; 宠物友好场景化; 商场导视柔和化,高,No.69,待核验,,19066,,,,,,,,
案例E2,东京虎之门之丘（海外）,五、混合业态资产激活,东京,两条餐饮街合计约5000平，50家店,未分类,餐饮; 娱乐,双街反差定位; 模糊边界+高密度布局; 地铁直连无缝进入; 全时段业态覆盖; 审美克制统一; 空间氛围反差定位,高,No.185,待核验,,19115,,,,,,,,
案例E3,深圳后海片区,五、混合业态资产激活,深圳,480万方总建筑面积，1000个品牌，40万日均流动人口,历史文化,文化; 运动,政企合作片区运营; 三维网络规划; 高密度路网切割; 数字孪生智慧运营; 超级商圈联盟; 1:1文化商业配比; 城市级IP运营,高,No.311,待核验,,19166,,,,,,,,
案例E4,上海西岸梦中心,五、混合业态资产激活,上海,未提及,滨水,餐饮; 零售; 运动,顺应区域既有属性定位; 双线门店布局; 运动场馆+潮牌+宠物组合; 运动主题作为商业特色; 新老运动品牌矩阵,高,No.463,待核验,,19219,,,,,,,,
案例E5,东莞旗云广场,五、混合业态资产激活,东莞,未提及,未分类,餐饮,双轨品牌组合; 站前商业文旅起点定位; 城市首店持续加码; 接地气+新鲜感平衡,高,No.44,待核验,,19271,,,,,,,,
案例E6,成都凯德天府,五、混合业态资产激活,成都,攀岩馆1500平、最高15米（总面积未提及）,未分类,餐饮; 零售; 亲子,主力店硬改; 三维调改策略; 枢纽流量转独家IP事件; 外摆松弛感+室内精细化; 儿童零售楼层重组,高,No.248,待核验,,19319,,,,,,,,
案例E7,武汉麓客岛,五、混合业态资产激活,武汉,目前只打开左岛，整个运营面积约12万方,公园,餐饮,地貌多样化+随处可坐; 全员友好细节设计; 内容运营互动化; 多成员满足亲子游; 性价比出游定位,高,No.356,待核验,,19369,,,,,,,,
案例E8,上海乐高乐园旁爱琴海缤纷里,五、混合业态资产激活,上海,10万方街区，6000个停车位，1小时交通圈覆盖长三角1.4亿人,街区,餐饮; 文化,乐园+商业互补定位; 乐园门票互通机制; IP主题店矩阵; 街区景区化; 全体验业态组合; 酒店联动,高,No.462,待核验,,19420,,,,,,,,
案例E9,TODAY'S SPECIAL（海外）,五、混合业态资产激活,东京,未提及,未分类,餐饮,场景化陈列; 模块化道具; 多感官运营,高,No.71,待核验,,19472,,,,,,,,
案例E10,重庆万华麓系公园式商业,五、混合业态资产激活,重庆,未提及,公园,餐饮; 亲子,立体公园式中庭; 公共座椅全覆盖; 自营餐饮配套,高,No.79,待核验,,19521,,,,,,,,
案例E11,酷拼工坊,五、混合业态资产激活,东莞,未提及,未分类,零售,制造力降维做品牌; 博物馆级门店陈列; 用户二次创作激励,高,No.97,待核验,,19568,,,,,,,,
案例E12,OIMACHI TRACKS（海外）,五、混合业态资产激活,东京品川区,未提及（含两座塔楼：住宅、酒店、写字楼）,未分类,餐饮; 文化; 生鲜,工业遗产主题化改造; 防灾避难双用草坪; 通勤交通无缝衔接; 主题元素极致化,高,No.115,待核验,,19616,,,,,,,,
案例E13,阿那亚北岸悦酒店,五、混合业态资产激活,秦皇岛,一栋楼3000平，61间房,未分类,餐饮; 零售; 娱乐; 文化; 酒店,大堂社群据点化; 激活式创新; 业主共创模式,高,No.137,待核验,,19665,,,,,,,,
案例E14,国家大剧院,五、混合业态资产激活,北京,未提及（东西向超200米，国内跨度最大椭圆穹顶）,未分类,餐饮; 文化,文化场馆多元化经营; 建筑即景点; 空间立体复用,高,No.147,待核验,,19713,,,,,,,,
案例E15,"上海""在水一方""科技馆",五、混合业态资产激活,上海,未提及,未分类,餐饮,IP化场馆运营; 双功能分区; 彩蛋式细节设计,高,No.161,待核验,,19760,,,,,,,,
案例E16,吉隆坡mingle名楽（海外）,五、混合业态资产激活,吉隆坡,多个项目（含百年老楼青旅、Emmercy Cafe、Mingle Cafe、Nico Nico旗舰店）,未分类,餐饮,废墟保留式改造; 气候体感设计; 信仰友好选品; 火灾回收木材再利用,高,No.165,待核验,,19808,,,,,,,,
案例E17,大连东关街,五、混合业态资产激活,大连,100多栋文保建筑,街区,餐饮; 零售; 文化,文保建筑绣花功夫修复; 院落主题化分区; 复古公交流动打卡点,高,No.182,待核验,,19857,,,,,,,,
案例E18,成都建发望悦城,五、混合业态资产激活,成都,8万多平方米,屋顶,餐饮; 零售; 亲子; 运动,三大主题沉浸空间; 跨代共鸣IP引进; 多首层导流模型; 垂直动线场景关联,高,No.190,待核验,,19905,,,,,,,,
案例E19,天府111,五、混合业态资产激活,成都,未提及,街区; 历史文化,餐饮; 零售; 文化; 运动,严格把控品牌定制; 街区+湖景宠物友好; 艺术展拆栏互动,高,No.196,待核验,,19954,,,,,,,,
案例E20,合肥中心尚都筑格酒店,五、混合业态资产激活,合肥,未提及,未分类,餐饮; 零售; 运动; 酒店,酒店门口新零售空间; 餐厅作为社交角落; 24小时能量站,高,No.204,待核验,,20002,,,,,,,,
案例E21,三亚华润海棠湾,五、混合业态资产激活,三亚,未提及（含运动公园、生态公园、美好生活聚落）,公园,餐饮; 运动,生态保护2.0模式; 公共服务融合; 美好生活聚落,高,No.207,待核验,,20050,,,,,,,,
案例E22,重庆城际酒店,五、混合业态资产激活,重庆,未提及,屋顶,餐饮; 酒店,体感优先硬件设计; 城市探索式酒店活动; 跨界联名精准触达,高,No.209,待核验,,20098,,,,,,,,
案例E23,亚朵星巴克联名,五、混合业态资产激活,全国范围（亚朵近2000家门店，星巴克覆盖1000多个城市）,未提及,未分类,餐饮; 酒店,场景互补式联名; 权益嵌入式会员打通; 生活方式共鸣,高,No.214,待核验,,20146,,,,,,,,
案例E24,上海INS新乐园,五、混合业态资产激活,上海,未提及（楼内全楼实店全通）,未分类,餐饮; 零售; 娱乐,游戏化持续更新; 无围墙城市融入; 全楼通票+城市游乐地图,高,No.216,待核验,,20194,,,,,,,,
案例E25,上海静安嘉里中心,五、混合业态资产激活,上海,未提及（含办公楼、商场）,未分类,办公,无感式服务设计; 兜底式客服台; 办公+商场会员打通,高,No.225,待核验,,20242,,,,,,,,
案例E26,杭州万象城,五、混合业态资产激活,杭州,未提及（含盒子商场+住宅底商街区）,盒子mall; 街区,餐饮; 零售,高频品牌调改; 高奢+生活街区双轨; 品牌共创城市级事件,高,No.241,待核验,DG11,20290,,,,,,,,
案例E27,香港影湾园（海外）,五、混合业态资产激活,香港,未提及（含主楼、2楼连廊、后园）,未分类,餐饮; 零售; 文化,求旧如旧保留原貌; 业态审美严格把控; 文化IP情绪化展陈,高,No.249,待核验,,20338,,,,,,,,
案例E28,桔子酒店,五、混合业态资产激活,全国范围（提及上海世博文化公园活动）,未提及（华珠20周年开了1000多家店）,未分类,餐饮; 酒店,反套路情绪营销; 双快乐路径设计; 早餐厅外搬进公园,高,No.252,待核验,,20386,,,,,,,,
案例E29,成都天府招商花园城,五、混合业态资产激活,成都,未提及（含室内盒子+室外2万平草坪乐园）,盒子mall,餐饮; 亲子,乐园+商业+公园三位一体; 跨业态活动整合; 儿童宠物分区设计,高,No.271,待核验,,20434,,,,,,,,
案例E30,华润置地达尔文营地,五、混合业态资产激活,全国（提及青岛松果乐园、杭州飞鸟集、广州龙林乐园）,未提及,未分类,亲子,空间舞台化留白; 在地文化IP化; 24节气课程内容库; 儿童议事观察团,高,No.281,待核验,,20481,,,,,,,,
案例E31,曼谷NEXTOPIA（海外）,五、混合业态资产激活,曼谷,15000平方米跨层空间,未分类,餐饮; 零售; 体验; 亲子,主题乐园式商场; 环保理念隐藏化; 分区节奏嵌入影业; AR望远镜讲故事,高,No.284,待核验,,20530,,,,,,,,
案例E32,深圳海洋中心城市更新,五、混合业态资产激活,深圳,未提及,未分类,文化,三节点分工清晰; 工业遗存活化; 老轮船1000天改造,高,No.291,待核验,,20579,,,,,,,,
案例E33,北京三里屯太古里,五、混合业态资产激活,北京,未提及（北区近十个奢牌独栋）,街区; 滨水,餐饮,奢侈品独栋街区; 写字楼配套城市绿洲化; 工业遗存+河畔微度假,高,No.297,待核验,,20627,,,,,,,,
案例E34,上海曹路招商花园城,五、混合业态资产激活,上海,未提及（大体量+地铁上盖）,未分类,餐饮; 亲子; 文化,主题场景化周年庆; 客群分层精细化运营; 团队下场直播,高,No.298,待核验,,20674,,,,,,,,
案例E35,墨尔本MECCA（海外）,五、混合业态资产激活,墨尔本,"4000平米（""粉色宫殿""）",未分类,餐饮; 零售,选品制造潮流而非跟随潮流; 硅胶护理流线; 黑科技香氛体验; 独立礼品区独立夹层,高,No.303,待核验,,20722,,,,,,,,
案例E36,上海西岸璇心Orbit,五、混合业态资产激活,上海,三层先锋建筑（西岸中环总投资超600亿元，总共170万方超级综合体，5万方给文化艺术场馆）,历史文化,餐饮; 零售; 文化; 办公; 酒店,先锋建筑做新品首发地标; 艺博会三年持续合作; 柔性城市理念,高,No.314,待核验,,20771,,,,,,,,
案例E37,华润置地超级场馆运营,五、混合业态资产激活,深圳+成都,未提及（十五运会90%场馆为改造而非新建）,未分类,运动,运营需求倒推设计; 智慧大脑AI调节; 赛+演+商多元生态; 演绎+消费闭环,高,No.317,待核验,,20819,,,,,,,,
案例E38,成都春熙路voco酒店,五、混合业态资产激活,成都,203间客房，6楼约2000平米春熙里花园餐厅,未分类,餐饮; 酒店,商场改酒店硬件优化; 改造型友好品牌选择; 本土品牌合作入驻,高,No.325,待核验,,20868,,,,,,,,
案例E39,大同古城东南驿,五、混合业态资产激活,大同,未提及（街道格局尊重古城形制，保留原有院落布局）,未分类,餐饮; 娱乐; 文化; 酒店,古城形制保留+业态焕新; 丝路塔日夜双形态; 小伙伴凑在一起开店; 古寺庙文创融合,高,No.334,待核验,,20916,,,,,,,,
案例E40,长沙观沙岭招商花园城,五、混合业态资产激活,长沙,未提及（屋顶5000平乐园）,屋顶,餐饮; 体验; 亲子; 运动,配套思维转主场思维; 屋顶无动力乐园; 原创IP形象记忆点; 向上引流屋顶动线,高,No.343,待核验,,20965,,,,,,,,
案例E41,深圳前海冰雪世界,五、混合业态资产激活,深圳,"10万方""大冰柜""（含3万平米超感公园）",公园,餐饮; 娱乐; 运动,超级综合体延伸业态; 冰雪+暖气商业一闸之隔; 俱乐部驻点模式,高,No.348,待核验,,21014,,,,,,,,
案例E42,LV成都源野活动,五、混合业态资产激活,成都,未提及（北花园+中庭+3个店铺空间）,未分类,,高奢品牌去高冷化场地; 三展厅差异化叙事; 在地化活动融合,高,No.351,待核验,,21062,,,,,,,,
案例E43,南昌万象城,五、混合业态资产激活,南昌,未提及,盒子mall; 街区,餐饮; 零售; 文化; 运动,城市话题制造机; 大台阶主题秀场; 自开地铁接驳公交,高,No.358,待核验,,21109,,,,,,,,
案例E44,天津万象城,五、混合业态资产激活,天津,36万方老物业,盒子mall; 街区,餐饮; 运动,全客层定位+重奢齐全; 统一照明色温+租户立面升级; 大底品变身主题街区; 文化出圈+商业转化,高,No.379,待核验,,21157,,,,,,,,
案例E45,武汉嘉佰汇,五、混合业态资产激活,武汉,6.5万方总体量（商业首开2万方盒子）,盒子mall; 街区; 公园,餐饮,减法逻辑聚焦高净值; mall+block街区菱形体款; 景观轴线连接,高,No.405,待核验,DG12,21206,,,,,,,,
案例E46,广州悦汇城,五、混合业态资产激活,广州,28万方（广州第二大体量商业体）,公园,餐饮; 亲子; 运动,从外向内渗透打法; 亲子业态差异化; 宠物友好叠加,高,No.418,待核验,,21254,,,,,,,,
案例E47,桔子酒店上海旗舰店,五、混合业态资产激活,上海,未提及,未分类,餐饮; 体验; 酒店,情绪价值符号化; 在地感官设计; 睡眠功能硬打磨,高,No.424,待核验,,21303,,,,,,,,
案例E48,曼谷伽利略绿洲（海外）,五、混合业态资产激活,曼谷,20套老房子,未分类,餐饮; 文化,破旧美学对冲精致; 废墟里聚人讲故事; 文化人做商业,高,No.433,待核验,,21350,,,,,,,,
案例E49,MFG写字楼,五、混合业态资产激活,深圳、上海、成都、西安等多城,未提及,未分类,餐饮; 办公,租一套想实城; 一成一特色; 信息差服务,高,No.454,待核验,,21399,,,,,,,,
案例E50,凯德广场·金牛,五、混合业态资产激活,成都,未提及,未分类,餐饮; 零售; 体验; 运动,城市门户定位+官方文旅联动; 沉浸式越野竞技场; 持续放大标签做培育,高,No.455,待核验,,21448,,,,,,,,
案例E51,深圳前海壹方城,五、混合业态资产激活,深圳,未提及,街区; 地下,零售,自营造品牌做内容; 地上高端地下流量组货; 空间会变脸持续运营,高,No.461,待核验,,21497,,,,,,,,
案例E52,上海LV巨轮,五、混合业态资产激活,上海,展览占地1200平跨两层,未分类,餐饮; 零售; 文化,建筑即艺术品; 城市文化事件化; 体验式零售,高,No.468,待核验,,21546,,,,,,,,
案例E53,北京阿派朗创造力星球,五、混合业态资产激活,北京,占地2.7万方,滨水,亲子,奥运遗产再利用; 科技隐身体验; aPX智能体交互系统,高,No.479,待核验,,21595,,,,,,,,
案例E54,北京鼎好DH3,五、混合业态资产激活,北京,未提及,未分类,办公,大开间卖场改垂直社区; 国际科创生态交互品牌定位; 智慧楼宇暖通系统,高,No.485,待核验,,21644,,,,,,,,
案例E55,成都天府大悦城,五、混合业态资产激活,成都,AB两馆联通3层,盒子mall,餐饮; 文化,先养商再养人; 空间分裂人格; 联动会展拓宽边界,高,No.486,待核验,,21693,,,,,,,,
案例E56,锦和集团越界系列,五、混合业态资产激活,上海,未提及,街区; 公园,餐饮; 办公; 酒店,产品线分类定制; 沿街弄堂空间魔法; 投资运营团队手把手介入,高,No.487,待核验,,21742,,,,,,,,
案例E57,郑州亳都·新象,五、混合业态资产激活,郑州,地上面积2.4万方（总建筑面积62万方）,滨水,餐饮,历史IP做商业主题; 现代手法藏于历史细节; 首店比例做调性,高,No.494,待核验,,21791,,,,,,,,
案例E58,The Exchange TRX Mall（海外）,五、混合业态资产激活,吉隆坡,价值400亿马币（马来政府推动的明星项目）,盒子mall; 公园,餐饮; 零售,大公园盖楼顶; 老榕树保留+发光步道; 苹果店穹顶设计,高,No.502,待核验,,21840,,,,,,,,
案例E59,雄安寻环XLOOP,五、混合业态资产激活,雄安新区,12.7万方,未分类,亲子; 文化,点状分散式环形布局; 模块式主题乐园解题; 大主理人深度绑定,高,No.510,待核验,,21889,,,,,,,,
案例E60,东莞奇云广场,五、混合业态资产激活,东莞,13万方,未分类,零售; 娱乐; 亲子,TOD+POD双概念; 主力店控面积腾位置; 在地深耕招商,高,No.539,待核验,,21938,,,,,,,,
案例E61,KITTE大阪（海外）,五、混合业态资产激活,大阪,7层楼114家店铺,地下,餐饮,本土特产时尚化; 老店新座; 低层高多层次设计,高,No.549,待核验,,21987,,,,,,,,
案例E62,深圳Kaledo,五、混合业态资产激活,深圳,5000方骑行公园,公园,餐饮; 零售; 娱乐,志趣共同体造节; 骑行公园做主入口; 立面玻璃+圆形天窗,高,No.554,待核验,,22036,,,,,,,,
案例E63,深圳湾万象天地,五、混合业态资产激活,深圳,未提及,盒子mall,零售,化整为零mall+小独栋; 建筑形式服务使用逻辑; 商业艺术平衡,高,No.556,待核验,,22085,,,,,,,,
案例E64,成都regular原野,五、混合业态资产激活,成都,未提及,街区,餐饮; 零售; 文化,公园里造公园; 极简克制+品牌气质鲜明; 主理人替空间说话,高,No.559,待核验,DG08,22134,,,,,,,,
案例E65,拉斯维加斯Sphere（海外）,五、混合业态资产激活,拉斯维加斯,直径157米，造价23亿美元,未分类,餐饮; 体验; 娱乐; 文化,建筑即内容; 全包裹沉浸体验; 公共空间时空虫洞,高,No.570,待核验,,22183,,,,,,,,
案例E66,广州正佳广场赛博天街,五、混合业态资产激活,广州,未提及,未分类,文化,机械生命体改写空间记忆; 傻瓜式即时互动; 整层升级改造为天街,高,No.580,待核验,,22232,,,,,,,,
案例E67,广州太古汇二座,五、混合业态资产激活,广州,未提及（全球获得LEED零碳零能耗双认证项目中面积最大的综合性办公楼）,未分类,办公,LEED零碳零能耗双认证; 每层空气管家; 太阳能+绿电组合,高,No.581,待核验,,22281,,,,,,,,
案例E68,纽约哈德逊广场（海外）,五、混合业态资产激活,纽约,250亿美元（十年建造）,未分类,,奇观建筑+精致烟火气商场; 高奢首层+快时尚二楼; 商场接展望台,高,No.585,待核验,,22330,,,,,,,,
